VIN,MILEAGE,NO.OF.PREVIOUS.OWNERS,ACCIDENT,TITLE TYPE,DEALER GOOGLE SCORE,DEALER GOOGLE.NO.OF.REVIEWS,PRICE,Features or Condition
4T1KZ1AK4NU067331,11623,1,N,clean,4.4,5241,41000,https://www.autotrader.com/cars-for-sale/vehicledetails.xhtml?listingId=673835845&allListingType=all-cars&zip=75080&makeCodeList=TOYOTA&modelCodeList=CAMRY&state=TX&city=Richardson&searchRadius=50&isNewSearch=false&referrer=%2Fcars-for-sale%2Fall-cars%3Fzip%3D75080%26makeCodeList%3DTOYOTA%26modelCodeList%3DCAMRY&clickType=alpha
4T1T11AK2PU091982,1827,1,N,clean,5,4031,33991,https://www.autotrader.com/cars-for-sale/vehicledetails.xhtml?listingId=674049215&0=vehicledetails.xhtml&makeCodeList=TOYOTA&modelCodeList=CAMRY&city=Richardson&state=TX&zip=75080&searchRadius=50&marketExtension=include&isNewSearch=false&showAccelerateBanner=false&sortBy=relevance&numRecords=25&listingTypes=USED&referrer=%2Fcars-for-sale%2Ftoyota%2Fcamry%2Frichardson-tx-75080%3F0%3Dvehicledetails.xhtml%26searchRadius%3D50%26marketExtension%3Dinclude%26isNewSearch%3Dfalse%26showAccelerateBanner%3Dfalse%26sortBy%3Drelevance%26numRecords%3D25&clickType=listing
 4T1C11AK2PU739787,2405,1,N,clean,4.5,2139,30455,https://www.autotrader.com/cars-for-sale/vehicledetails.xhtml?listingId=666500689&makeCodeList=TOYOTA&modelCodeList=CAMRY&city=Richardson&state=TX&zip=75080&searchRadius=50&marketExtension=include&isNewSearch=false&showAccelerateBanner=false&sortBy=relevance&numRecords=25&listingTypes=USED&referrer=%2Fcars-for-sale%2Ftoyota%2Fcamry%2Frichardson-tx-75080%3FsearchRadius%3D50%26marketExtension%3Dinclude%26isNewSearch%3Dfalse%26showAccelerateBanner%3Dfalse%26sortBy%3Drelevance%26numRecords%3D25&clickType=listing
4T1K61AK4LU503066,22805,1,N,clean,4.5,919,27990,https://www.autotrader.com/cars-for-sale/vehicledetails.xhtml?listingId=666097049&makeCodeList=TOYOTA&modelCodeList=CAMRY&city=Richardson&state=TX&zip=75080&searchRadius=50&marketExtension=include&isNewSearch=false&showAccelerateBanner=false&sortBy=relevance&numRecords=25&listingTypes=USED&referrer=%2Fcars-for-sale%2Ftoyota%2Fcamry%2Frichardson-tx-75080%3FsearchRadius%3D50%26marketExtension%3Dinclude%26isNewSearch%3Dfalse%26showAccelerateBanner%3Dfalse%26sortBy%3Drelevance%26numRecords%3D25&clickType=listing
4T1C11AK0NU638261,489,1,N,clean,5,303,28500,https://www.autotrader.com/cars-for-sale/vehicledetails.xhtml?listingId=640277666&makeCodeList=TOYOTA&modelCodeList=CAMRY&city=Richardson&state=TX&zip=75080&searchRadius=50&marketExtension=include&isNewSearch=false&showAccelerateBanner=false&sortBy=relevance&numRecords=25&listingTypes=USED&referrer=%2Fcars-for-sale%2Ftoyota%2Fcamry%2Frichardson-tx-75080%3FsearchRadius%3D50%26marketExtension%3Dinclude%26isNewSearch%3Dfalse%26showAccelerateBanner%3Dfalse%26sortBy%3Drelevance%26numRecords%3D25&clickType=listing
4T4BF1FK9ER374310,54413,1,Y,rebuilt,4,261,17588,https://www.autotrader.com/cars-for-sale/vehicledetails.xhtml?listingId=674016170&makeCodeList=TOYOTA&modelCodeList=CAMRY&city=Richardson&state=TX&zip=75080&searchRadius=50&marketExtension=include&isNewSearch=false&showAccelerateBanner=false&sortBy=relevance&numRecords=25&listingTypes=USED&referrer=%2Fcars-for-sale%2Ftoyota%2Fcamry%2Frichardson-tx-75080%3FsearchRadius%3D50%26marketExtension%3Dinclude%26isNewSearch%3Dfalse%26showAccelerateBanner%3Dfalse%26sortBy%3Drelevance%26numRecords%3D25&clickType=spotlight
 4T1BF1FK1DU663075,75100,2,Y,rebuilt,4.6,293,15795,https://www.autotrader.com/cars-for-sale/vehicledetails.xhtml?listingId=655254063&makeCodeList=TOYOTA&modelCodeList=CAMRY&city=Richardson&state=TX&zip=75080&searchRadius=50&marketExtension=include&isNewSearch=false&showAccelerateBanner=false&sortBy=relevance&numRecords=25&listingTypes=USED&referrer=%2Fcars-for-sale%2Ftoyota%2Fcamry%2Frichardson-tx-75080%3FsearchRadius%3D50%26marketExtension%3Dinclude%26isNewSearch%3Dfalse%26showAccelerateBanner%3Dfalse%26sortBy%3Drelevance%26numRecords%3D25&clickType=listing
4T1K61AKXLU933023,43891,1,N,clean,4.4,1619,28991,
 4T1B11HK6KU751001,120940,2,N,clean,5,5446,18991,https://www.autotrader.com/cars-for-sale/vehicledetails.xhtml?listingId=674609099&makeCodeList=TOYOTA&modelCodeList=CAMRY&city=Decatur&state=GA&zip=30033&featureCodes=AT0001&searchRadius=50&isNewSearch=false&marketExtension=include&showAccelerateBanner=false&sortBy=relevance&numRecords=25&requestId=2225141853&listingTypes=USED&referrer=%2Fcars-for-sale%2Ftoyota%2Fcamry%2Fdecatur-ga-30033%3FfeatureCodes%3DAT0001%26searchRadius%3D50%26isNewSearch%3Dfalse%26marketExtension%3Dinclude%26showAccelerateBanner%3Dfalse%26sortBy%3Drelevance%26numRecords%3D25%26requestId%3D2225141853&clickType=alpha
4T1G11AK6LU349237,35312,1,N,clean,4.6,1951,24464,https://www.autotrader.com/cars-for-sale/vehicledetails.xhtml?listingId=673104865&makeCodeList=TOYOTA&modelCodeList=CAMRY&city=Washington&state=DC&zip=20001&searchRadius=50&marketExtension=include&isNewSearch=false&showAccelerateBanner=false&sortBy=relevance&numRecords=25&listingTypes=USED&referrer=%2Fcars-for-sale%2Ftoyota%2Fcamry%2Fwashington-dc-20001%3FsearchRadius%3D50%26marketExtension%3Dinclude%26isNewSearch%3Dfalse%26showAccelerateBanner%3Dfalse%26sortBy%3Drelevance%26numRecords%3D25&clickType=listing
4T1G11AK4NU674889,12708,1,N,clean,4.8,4671,29436,https://www.autotrader.com/cars-for-sale/vehicledetails.xhtml?listingId=668227024&makeCodeList=TOYOTA&modelCodeList=CAMRY&city=Richardson&state=TX&zip=75080&searchRadius=50&marketExtension=include&isNewSearch=false&showAccelerateBanner=false&sortBy=relevance&numRecords=25&firstRecord=25&listingTypes=USED&referrer=%2Fcars-for-sale%2Ftoyota%2Fcamry%2Frichardson-tx-75080%3FsearchRadius%3D50%26marketExtension%3Dinclude%26isNewSearch%3Dfalse%26showAccelerateBanner%3Dfalse%26sortBy%3Drelevance%26numRecords%3D25%26firstRecord%3D25&clickType=spotlight
4T1G11AK2MU426560,64851,1,N,clean,4.6,4074,23200,https://www.autotrader.com/cars-for-sale/vehicledetails.xhtml?listingId=669644478&makeCodeList=TOYOTA&modelCodeList=CAMRY&city=Richardson&state=TX&zip=75080&listingTypes=USED&searchRadius=50&marketExtension=include&isNewSearch=false&referrer=%2Fcars-for-sale%2Ftoyota%2Fcamry%2Frichardson-tx-75080%3FmakeCodeList%3DTOYOTA%26listingTypes%3DUSED%26searchRadius%3D50%26modelCodeList%3DCAMRY%26zip%3D75080%26location%3D%26marketExtension%3Dinclude%26sortBy%3D&clickType=spotlight
4T1K61AK7LU383411,29425,1,N,clean,4.6,1952,30000,https://www.autotrader.com/cars-for-sale/vehicledetails.xhtml?listingId=661025024&makeCodeList=TOYOTA&modelCodeList=CAMRY&city=Richardson&state=TX&zip=75080&searchRadius=50&marketExtension=include&isNewSearch=false&showAccelerateBanner=false&sortBy=relevance&numRecords=25&firstRecord=25&listingTypes=USED&referrer=%2Fcars-for-sale%2Ftoyota%2Fcamry%2Frichardson-tx-75080%3FsearchRadius%3D50%26marketExtension%3Dinclude%26isNewSearch%3Dfalse%26showAccelerateBanner%3Dfalse%26sortBy%3Drelevance%26numRecords%3D25%26firstRecord%3D25&clickType=listing
4T1F11AK8LU888390,21265,1,N,clean,3.7,540,27995,https://www.autotrader.com/cars-for-sale/vehicledetails.xhtml?listingId=671450370&makeCodeList=TOYOTA&modelCodeList=CAMRY&city=Richardson&state=TX&zip=75080&searchRadius=50&marketExtension=include&isNewSearch=false&showAccelerateBanner=false&sortBy=relevance&numRecords=25&firstRecord=25&listingTypes=USED&referrer=%2Fcars-for-sale%2Ftoyota%2Fcamry%2Frichardson-tx-75080%3FsearchRadius%3D50%26marketExtension%3Dinclude%26isNewSearch%3Dfalse%26showAccelerateBanner%3Dfalse%26sortBy%3Drelevance%26numRecords%3D25%26firstRecord%3D25&clickType=listing
4T1T11AK2PU091982,1827,1,N,clean,5,4040,33991,https://www.autotrader.com/cars-for-sale/vehicledetails.xhtml?listingId=674049215&makeCodeList=TOYOTA&modelCodeList=CAMRY&city=Richardson&state=TX&zip=75080&searchRadius=50&marketExtension=include&isNewSearch=false&showAccelerateBanner=false&sortBy=relevance&numRecords=25&firstRecord=25&listingTypes=USED&referrer=%2Fcars-for-sale%2Ftoyota%2Fcamry%2Frichardson-tx-75080%3FsearchRadius%3D50%26marketExtension%3Dinclude%26isNewSearch%3Dfalse%26showAccelerateBanner%3Dfalse%26sortBy%3Drelevance%26numRecords%3D25%26firstRecord%3D25&clickType=listing
4T1BF1FK4FU059412,74544,3,N,clean,4.6,4084,17792,https://www.autotrader.com/cars-for-sale/vehicledetails.xhtml?listingId=672451239&makeCodeList=TOYOTA&modelCodeList=CAMRY&city=Richardson&state=TX&zip=75080&searchRadius=50&marketExtension=include&isNewSearch=false&showAccelerateBanner=false&sortBy=relevance&numRecords=25&firstRecord=25&listingTypes=USED&referrer=%2Fcars-for-sale%2Ftoyota%2Fcamry%2Frichardson-tx-75080%3FsearchRadius%3D50%26marketExtension%3Dinclude%26isNewSearch%3Dfalse%26showAccelerateBanner%3Dfalse%26sortBy%3Drelevance%26numRecords%3D25%26firstRecord%3D25&clickType=listing
4T1K61AK0NU040779,13113,1,N,clean,5,5025,35998,https://www.autotrader.com/cars-for-sale/vehicledetails.xhtml?listingId=674079765&makeCodeList=TOYOTA&modelCodeList=CAMRY&city=Richardson&state=TX&zip=75080&searchRadius=50&marketExtension=include&isNewSearch=false&showAccelerateBanner=false&sortBy=relevance&numRecords=25&firstRecord=25&listingTypes=USED&referrer=%2Fcars-for-sale%2Ftoyota%2Fcamry%2Frichardson-tx-75080%3FsearchRadius%3D50%26marketExtension%3Dinclude%26isNewSearch%3Dfalse%26showAccelerateBanner%3Dfalse%26sortBy%3Drelevance%26numRecords%3D25%26firstRecord%3D25&clickType=listing
4T1G11AK4MU586004,40008,2,N,clean,4.7,3131,25000,https://www.autotrader.com/cars-for-sale/vehicledetails.xhtml?listingId=667713217&makeCodeList=TOYOTA&modelCodeList=CAMRY&city=Richardson&state=TX&zip=75080&searchRadius=50&isNewSearch=false&marketExtension=include&showAccelerateBanner=false&sortBy=relevance&numRecords=25&listingTypes=USED&referrer=%2Fcars-for-sale%2Ftoyota%2Fcamry%2Frichardson-tx-75080%3FsearchRadius%3D50%26isNewSearch%3Dfalse%26marketExtension%3Dinclude%26showAccelerateBanner%3Dfalse%26sortBy%3Drelevance%26numRecords%3D25&clickType=spotlight
4T1K61AK4LU503066,22805,1,N,clean,4.5,923,27990,https://www.autotrader.com/cars-for-sale/vehicledetails.xhtml?listingId=666097049&allListingType=all-cars&zip=75080&makeCodeList=TOYOTA&modelCodeList=CAMRY&state=TX&city=Richardson&searchRadius=50&isNewSearch=false&referrer=%2Fcars-for-sale%2Fall-cars%3Fzip%3D75080%26makeCodeList%3DTOYOTA%26modelCodeList%3DCAMRY&clickType=listing
4T1B11HK6KU751001,120940,2,N,clean,5,5450,18991,https://www.autotrader.com/cars-for-sale/vehicledetails.xhtml?listingId=674609099&makeCodeList=TOYOTA&modelCodeList=CAMRY&city=Decatur&state=GA&zip=30033&featureCodes=AT0001&searchRadius=50&isNewSearch=false&marketExtension=include&showAccelerateBanner=false&sortBy=relevance&numRecords=25&requestId=2225141853&listingTypes=USED&referrer=%2Fcars-for-sale%2Ftoyota%2Fcamry%2Fdecatur-ga-30033%3FfeatureCodes%3DAT0001%26searchRadius%3D50%26isNewSearch%3Dfalse%26marketExtension%3Dinclude%26showAccelerateBanner%3Dfalse%26sortBy%3Drelevance%26numRecords%3D25%26requestId%3D2225141853&clickType=alpha
4T1K61AK5NU705675,765,1,N,clean,5,847,36996,https://www.autotrader.com/cars-for-sale/vehicledetails.xhtml?listingId=666935300&makeCodeList=TOYOTA&modelCodeList=CAMRY&city=Richardson&state=TX&zip=75080&searchRadius=50&marketExtension=include&isNewSearch=false&showAccelerateBanner=false&sortBy=relevance&numRecords=25&firstRecord=50&listingTypes=USED&referrer=%2Fcars-for-sale%2Ftoyota%2Fcamry%2Frichardson-tx-75080%3FsearchRadius%3D50%26marketExtension%3Dinclude%26isNewSearch%3Dfalse%26showAccelerateBanner%3Dfalse%26sortBy%3Drelevance%26numRecords%3D25%26firstRecord%3D50&clickType=listing
4T1T11AK6MU564794,25285,1,N,clean,4.6,1952,25994,https://www.autotrader.com/cars-for-sale/vehicledetails.xhtml?listingId=673428941&makeCodeList=TOYOTA&modelCodeList=CAMRY&city=Richardson&state=TX&zip=75080&searchRadius=50&marketExtension=include&isNewSearch=false&showAccelerateBanner=false&sortBy=relevance&numRecords=25&firstRecord=75&listingTypes=USED&referrer=%2Fcars-for-sale%2Ftoyota%2Fcamry%2Frichardson-tx-75080%3FsearchRadius%3D50%26marketExtension%3Dinclude%26isNewSearch%3Dfalse%26showAccelerateBanner%3Dfalse%26sortBy%3Drelevance%26numRecords%3D25%26firstRecord%3D75&clickType=listing
4T1G11AK9MU579114,45863,1,N,clean,4.8,1806,24987,https://www.autotrader.com/cars-for-sale/vehicledetails.xhtml?listingId=646745419&makeCodeList=TOYOTA&modelCodeList=CAMRY&city=Richardson&state=TX&zip=75080&searchRadius=50&marketExtension=include&isNewSearch=false&showAccelerateBanner=false&sortBy=relevance&numRecords=25&firstRecord=75&listingTypes=USED&referrer=%2Fcars-for-sale%2Ftoyota%2Fcamry%2Frichardson-tx-75080%3FsearchRadius%3D50%26marketExtension%3Dinclude%26isNewSearch%3Dfalse%26showAccelerateBanner%3Dfalse%26sortBy%3Drelevance%26numRecords%3D25%26firstRecord%3D75&clickType=spotlight
4T1T11AKXMU521317,28896,1,N,clean,4.7,2961,25899,https://www.autotrader.com/cars-for-sale/vehicledetails.xhtml?listingId=674312411&makeCodeList=TOYOTA&modelCodeList=CAMRY&city=Richardson&state=TX&zip=75080&searchRadius=50&marketExtension=include&isNewSearch=false&showAccelerateBanner=false&sortBy=relevance&numRecords=25&firstRecord=75&listingTypes=USED&referrer=%2Fcars-for-sale%2Ftoyota%2Fcamry%2Frichardson-tx-75080%3FsearchRadius%3D50%26marketExtension%3Dinclude%26isNewSearch%3Dfalse%26showAccelerateBanner%3Dfalse%26sortBy%3Drelevance%26numRecords%3D25%26firstRecord%3D75&clickType=spotlight
4T1B11HK7KU684358,70780,2,Y,rebuilt,5,660,21193,https://www.autotrader.com/cars-for-sale/vehicledetails.xhtml?listingId=674610339&makeCodeList=TOYOTA&modelCodeList=CAMRY&city=Richardson&state=TX&zip=75080&searchRadius=50&marketExtension=include&isNewSearch=false&showAccelerateBanner=false&sortBy=relevance&numRecords=25&firstRecord=100&listingTypes=USED&referrer=%2Fcars-for-sale%2Ftoyota%2Fcamry%2Frichardson-tx-75080%3FsearchRadius%3D50%26marketExtension%3Dinclude%26isNewSearch%3Dfalse%26showAccelerateBanner%3Dfalse%26sortBy%3Drelevance%26numRecords%3D25%26firstRecord%3D100&clickType=listing
4T1G11AK0NU038356,2018,1,N,clean,5,9559,29495,https://www.autotrader.com/cars-for-sale/vehicledetails.xhtml?listingId=671676888&makeCodeList=TOYOTA&modelCodeList=CAMRY&city=Richardson&state=TX&zip=75080&searchRadius=50&marketExtension=include&isNewSearch=false&showAccelerateBanner=false&sortBy=relevance&numRecords=25&firstRecord=75&listingTypes=USED&referrer=%2Fcars-for-sale%2Ftoyota%2Fcamry%2Frichardson-tx-75080%3FsearchRadius%3D50%26marketExtension%3Dinclude%26isNewSearch%3Dfalse%26showAccelerateBanner%3Dfalse%26sortBy%3Drelevance%26numRecords%3D25%26firstRecord%3D75&clickType=listing
4T1G11AK7LU362577,65299,1,Y,rebuilt,4.4,2950,22250,https://www.autotrader.com/cars-for-sale/vehicledetails.xhtml?listingId=674475184&makeCodeList=TOYOTA&modelCodeList=CAMRY&city=Richardson&state=TX&zip=75080&searchRadius=50&marketExtension=include&isNewSearch=false&showAccelerateBanner=false&sortBy=relevance&numRecords=25&firstRecord=100&listingTypes=USED&referrer=%2Fcars-for-sale%2Ftoyota%2Fcamry%2Frichardson-tx-75080%3FsearchRadius%3D50%26marketExtension%3Dinclude%26isNewSearch%3Dfalse%26showAccelerateBanner%3Dfalse%26sortBy%3Drelevance%26numRecords%3D25%26firstRecord%3D100&clickType=listing
4T1K61AK4NU021135,20512,1,N,clean,4.8,5509,34495,https://www.autotrader.com/cars-for-sale/vehicledetails.xhtml?listingId=673896304&makeCodeList=TOYOTA&modelCodeList=CAMRY&city=Richardson&state=TX&zip=75080&listingTypes=used&=&searchRadius=50&isNewSearch=false&referrer=%2Fcars-for-sale%2Ftoyota%2Fcamry%2Frichardson-tx-75080%3FlistingType%3Dused%26makeCodeList%3DTOYOTA%26modelCodeList%3DCAMRY%26%26searchRadius%3D50&clickType=spotlight
4T1G11AK7LU949328,71139,1,N,clean,4.8,641,23014,https://www.autotrader.com/cars-for-sale/vehicledetails.xhtml?listingId=672187588&makeCodeList=TOYOTA&modelCodeList=CAMRY&city=Richardson&state=TX&zip=75080&searchRadius=50&marketExtension=include&isNewSearch=false&showAccelerateBanner=false&sortBy=relevance&numRecords=25&firstRecord=125&listingTypes=USED&referrer=%2Fcars-for-sale%2Ftoyota%2Fcamry%2Frichardson-tx-75080%3FsearchRadius%3D50%26marketExtension%3Dinclude%26isNewSearch%3Dfalse%26showAccelerateBanner%3Dfalse%26sortBy%3Drelevance%26numRecords%3D25%26firstRecord%3D125&clickType=spotlight
4T1K61AK4NU021135,20512,1,N,clean,4.8,5509,34495,https://www.autotrader.com/cars-for-sale/vehicledetails.xhtml?listingId=673896304&makeCodeList=TOYOTA&modelCodeList=CAMRY&city=Richardson&state=TX&zip=75080&searchRadius=50&marketExtension=include&isNewSearch=false&showAccelerateBanner=false&sortBy=relevance&numRecords=25&firstRecord=125&listingTypes=USED&referrer=%2Fcars-for-sale%2Ftoyota%2Fcamry%2Frichardson-tx-75080%3FsearchRadius%3D50%26marketExtension%3Dinclude%26isNewSearch%3Dfalse%26showAccelerateBanner%3Dfalse%26sortBy%3Drelevance%26numRecords%3D25%26firstRecord%3D125&clickType=spotlight
4T1K61AK4LU503066,22805,1,N,clean,4.5,923,27990,https://www.autotrader.com/cars-for-sale/vehicledetails.xhtml?listingId=666097049&makeCodeList=TOYOTA&modelCodeList=CAMRY&city=Richardson&state=TX&zip=75080&searchRadius=50&isNewSearch=false&marketExtension=include&showAccelerateBanner=false&sortBy=relevance&numRecords=25&listingTypes=USED&referrer=%2Fcars-for-sale%2Ftoyota%2Fcamry%2Frichardson-tx-75080%3FsearchRadius%3D50%26isNewSearch%3Dfalse%26marketExtension%3Dinclude%26showAccelerateBanner%3Dfalse%26sortBy%3Drelevance%26numRecords%3D25&clickType=listing
4T1C11AK0NU638261,489,1,n,clean,5,304,28500,https://www.autotrader.com/cars-for-sale/vehicledetails.xhtml?listingId=640277666&makeCodeList=TOYOTA&modelCodeList=CAMRY&city=Richardson&state=TX&zip=75080&searchRadius=50&isNewSearch=false&marketExtension=include&showAccelerateBanner=false&sortBy=relevance&numRecords=25&listingTypes=USED&referrer=%2Fcars-for-sale%2Ftoyota%2Fcamry%2Frichardson-tx-75080%3FsearchRadius%3D50%26isNewSearch%3Dfalse%26marketExtension%3Dinclude%26showAccelerateBanner%3Dfalse%26sortBy%3Drelevance%26numRecords%3D25&clickType=listing
4T1K61AK4PU721191,3910,1,N,clean,5,7387,34991,https://www.autotrader.com/cars-for-sale/vehicledetails.xhtml?listingId=674209165&makeCodeList=TOYOTA&modelCodeList=CAMRY&city=Richardson&state=TX&zip=75080&searchRadius=50&marketExtension=include&isNewSearch=false&showAccelerateBanner=false&sortBy=relevance&numRecords=25&firstRecord=125&listingTypes=USED&referrer=%2Fcars-for-sale%2Ftoyota%2Fcamry%2Frichardson-tx-75080%3FsearchRadius%3D50%26marketExtension%3Dinclude%26isNewSearch%3Dfalse%26showAccelerateBanner%3Dfalse%26sortBy%3Drelevance%26numRecords%3D25%26firstRecord%3D125&clickType=listing
4T1BK46K67U545699,181177,2,Y,rebuilt,5,711,6995,https://www.autotrader.com/cars-for-sale/vehicledetails.xhtml?listingId=674345514&makeCodeList=TOYOTA&modelCodeList=CAMRY&city=Richardson&state=TX&zip=75080&searchRadius=50&marketExtension=include&isNewSearch=false&showAccelerateBanner=false&sortBy=relevance&numRecords=25&firstRecord=150&listingTypes=USED&referrer=%2Fcars-for-sale%2Ftoyota%2Fcamry%2Frichardson-tx-75080%3FsearchRadius%3D50%26marketExtension%3Dinclude%26isNewSearch%3Dfalse%26showAccelerateBanner%3Dfalse%26sortBy%3Drelevance%26numRecords%3D25%26firstRecord%3D150&clickType=listing
4T1T11AK6MU564794,25285,1,N,clean,4.6,1952,25994,https://www.autotrader.com/cars-for-sale/vehicledetails.xhtml?listingId=673428941&makeCodeList=TOYOTA&modelCodeList=CAMRY&city=Richardson&state=TX&zip=75080&searchRadius=50&marketExtension=include&isNewSearch=false&showAccelerateBanner=false&sortBy=relevance&numRecords=25&firstRecord=150&listingTypes=USED&referrer=%2Fcars-for-sale%2Ftoyota%2Fcamry%2Frichardson-tx-75080%3FsearchRadius%3D50%26marketExtension%3Dinclude%26isNewSearch%3Dfalse%26showAccelerateBanner%3Dfalse%26sortBy%3Drelevance%26numRecords%3D25%26firstRecord%3D150&clickType=listing
4T1G11AKXMU519357,48548,1,Y,rebuilt,4.2,150,26021,https://www.autotrader.com/cars-for-sale/vehicledetails.xhtml?listingId=673048372&makeCodeList=TOYOTA&modelCodeList=CAMRY&city=Austin&state=TX&zip=73301&searchRadius=50&marketExtension=include&isNewSearch=false&showAccelerateBanner=false&sortBy=relevance&numRecords=25&requestId=2225141853&listingTypes=USED&referrer=%2Fcars-for-sale%2Ftoyota%2Fcamry%2Faustin-tx-73301%3FsearchRadius%3D50%26marketExtension%3Dinclude%26isNewSearch%3Dfalse%26showAccelerateBanner%3Dfalse%26sortBy%3Drelevance%26numRecords%3D25%26requestId%3D2225141853&clickType=spotlight
4T1K31AK2PU604539,193,1,N,clean,4.7,7447,42000,https://www.autotrader.com/cars-for-sale/vehicledetails.xhtml?listingId=673146018&makeCodeList=TOYOTA&modelCodeList=CAMRY&city=Washington&state=DC&zip=20001&searchRadius=50&marketExtension=include&isNewSearch=false&showAccelerateBanner=false&sortBy=relevance&numRecords=25&requestId=2225141853&listingTypes=USED&referrer=%2Fcars-for-sale%2Ftoyota%2Fcamry%2Fwashington-dc-20001%3FsearchRadius%3D50%26marketExtension%3Dinclude%26isNewSearch%3Dfalse%26showAccelerateBanner%3Dfalse%26sortBy%3Drelevance%26numRecords%3D25%26requestId%3D2225141853&clickType=alpha
4T1B61HK6KU699046,32256,1,N,clean,4.8,3882,28500,https://www.autotrader.com/cars-for-sale/vehicledetails.xhtml?listingId=671255591&makeCodeList=TOYOTA&modelCodeList=CAMRY&city=Washington&state=DC&zip=20001&searchRadius=50&marketExtension=include&isNewSearch=false&showAccelerateBanner=false&sortBy=relevance&numRecords=25&requestId=2225141853&listingTypes=USED&referrer=%2Fcars-for-sale%2Ftoyota%2Fcamry%2Fwashington-dc-20001%3FsearchRadius%3D50%26marketExtension%3Dinclude%26isNewSearch%3Dfalse%26showAccelerateBanner%3Dfalse%26sortBy%3Drelevance%26numRecords%3D25%26requestId%3D2225141853&clickType=spotlight
4T1G11AK7LU875523,65963,1,Y,rebuilt,4.6,3251,22959,https://www.autotrader.com/cars-for-sale/vehicledetails.xhtml?listingId=674161797&makeCodeList=TOYOTA&modelCodeList=CAMRY&city=Washington&state=DC&zip=20001&searchRadius=50&isNewSearch=false&marketExtension=include&showAccelerateBanner=false&sortBy=relevance&numRecords=25&listingTypes=USED&referrer=%2Fcars-for-sale%2Ftoyota%2Fcamry%2Fwashington-dc-20001%3FsearchRadius%3D50%26isNewSearch%3Dfalse%26marketExtension%3Dinclude%26showAccelerateBanner%3Dfalse%26sortBy%3Drelevance%26numRecords%3D25&clickType=spotlight
4T1G11AK8NU660543,28745,1,N,clean,4.8,2942,26400,https://www.autotrader.com/cars-for-sale/vehicledetails.xhtml?listingId=673191816&makeCodeList=TOYOTA&modelCodeList=CAMRY&city=Washington&state=DC&zip=20001&listingTypes=USED&searchRadius=50&marketExtension=include&isNewSearch=false&referrer=%2Fcars-for-sale%2Ftoyota%2Fcamry%2Fwashington-dc-20001%3FmakeCodeList%3DTOYOTA%26listingTypes%3DUSED%26searchRadius%3D50%26modelCodeList%3DCAMRY%26zip%3D20001%26location%3D%26marketExtension%3Dinclude%26sortBy%3D&clickType=spotlight
4T1T11AK4MU542339,19210,1,N,clean,4.2,1800,28000,https://www.autotrader.com/cars-for-sale/vehicledetails.xhtml?listingId=670158599&makeCodeList=TOYOTA&modelCodeList=CAMRY&city=Washington&state=DC&zip=20001&listingTypes=USED&searchRadius=50&marketExtension=include&isNewSearch=false&referrer=%2Fcars-for-sale%2Ftoyota%2Fcamry%2Fwashington-dc-20001%3FmakeCodeList%3DTOYOTA%26listingTypes%3DUSED%26searchRadius%3D50%26modelCodeList%3DCAMRY%26zip%3D20001%26location%3D%26marketExtension%3Dinclude%26sortBy%3D&clickType=listing
4T1G11AK1LU925638,38196,1,N,clean,4.4,886,24678,https://www.autotrader.com/cars-for-sale/vehicledetails.xhtml?listingId=674379200&makeCodeList=TOYOTA&modelCodeList=CAMRY&city=Washington&state=DC&zip=20001&searchRadius=50&isNewSearch=false&marketExtension=include&showAccelerateBanner=false&sortBy=relevance&numRecords=25&listingTypes=USED&referrer=%2Fcars-for-sale%2Ftoyota%2Fcamry%2Fwashington-dc-20001%3FsearchRadius%3D50%26isNewSearch%3Dfalse%26marketExtension%3Dinclude%26showAccelerateBanner%3Dfalse%26sortBy%3Drelevance%26numRecords%3D25&clickType=spotlight
4T1BE46K19U263738,99522,2,Y,rebuilt,4.5,3912,10073,https://www.autotrader.com/cars-for-sale/vehicledetails.xhtml?listingId=674141816&makeCodeList=TOYOTA&modelCodeList=CAMRY&city=Washington&state=DC&zip=20001&searchRadius=50&isNewSearch=false&marketExtension=include&showAccelerateBanner=false&sortBy=relevance&numRecords=25&listingTypes=USED&referrer=%2Fcars-for-sale%2Ftoyota%2Fcamry%2Fwashington-dc-20001%3FsearchRadius%3D50%26isNewSearch%3Dfalse%26marketExtension%3Dinclude%26showAccelerateBanner%3Dfalse%26sortBy%3Drelevance%26numRecords%3D25&clickType=spotlight
4T1C11AK1LU967936,28206,1,N,clean,4.8,2998,23495,https://www.autotrader.com/cars-for-sale/vehicledetails.xhtml?listingId=669723020&makeCodeList=TOYOTA&modelCodeList=CAMRY&city=Washington&state=DC&zip=20001&listingTypes=USED&searchRadius=50&marketExtension=include&isNewSearch=false&referrer=%2Fcars-for-sale%2Ftoyota%2Fcamry%2Fwashington-dc-20001%3FmakeCodeList%3DTOYOTA%26listingTypes%3DUSED%26searchRadius%3D50%26modelCodeList%3DCAMRY%26zip%3D20001%26location%3D%26marketExtension%3Dinclude%26sortBy%3D&clickType=listing
