VIN,MILEAGE,NO.OF.PREVIOUS.OWNERS,ACCIDENT,TITLE TYPE,DEALER GOOGLE SCORE,DEALER GOOGLE.NO.OF.REVIEWS,PRICE,Features,Mileage,Engine type,MPG,Exterior,Interior,Transmission Type,Wheel Drive,Link
4T1KZ1AK4NU067331,11623,1,N,clean,4.4,5241,41000,"['Alloy wheels', 'Auto High-beam Headlights', 'Bumpers: body-color', 'Delay-off headlights', 'Fully automatic headlights', 'Heated door mirrors', 'Power door mirrors', 'Spoiler', 'Turn signal indicator mirrors', 'Air Conditioning', 'Driver door bin', 'Driver vanity mirror', 'Front Bucket Seats', 'Front Center Armrest', 'Front dual zone A/C', 'Front reading lights', 'Leather Shift Knob', 'Overhead console', 'Passenger door bin', 'Passenger vanity mirror', 'Power driver seat', 'Power windows', 'Rear reading lights', 'Rear seat center armrest', 'Rear window defroster', 'Steering wheel mounted audio controls', 'Tachometer', 'Telescoping steering wheel', 'Tilt steering wheel', 'Trip computer', 'Variably intermittent wipers', 'ABS brakes', 'Brake assist', 'Dual front impact airbags', 'Dual front side impact airbags', 'Electronic Stability Control', 'Knee airbag', 'Low tire pressure warning', 'Occupant sensing airbag', 'Overhead airbag', 'Panic alarm', 'Rear side impact airbag', 'Security system', 'Traction control', '4-Wheel Disc Brakes', 'Four wheel independent suspension', 'Power steering', 'Speed-sensing steering', '6 Speakers', 'AM/FM radio: SiriusXM', 'Active Cruise Control', 'Automatic temperature control', 'Exterior Parking Camera Rear', 'Radio data system', 'Radio: AM/FM Audio System', 'Remote keyless entry', 'Speed control', 'Emergency communication system: Safety Connect with 1-year trial', 'Fabric Seat Trim w/Sport SofTex', 'Front anti-roll bar', 'Illuminated entry', 'Outside temperature display', 'Rear anti-roll bar', 'TRD Boot Shift Lever & Knob', 'TRD Bumper', 'TRD LED Low Headlamp', 'TRD Luggage Door', 'TRD Rear Spoiler', 'TRD Wheel Cap Center Ornament', ""Wheels: 8.5J x 19' TRD Matte Black Alloy""]","11,623 miles",3.5L 6-Cylinder Gas Engine,22 City / 31 Highway, Midnight Black Exterior, Black/Red Interior,8-Speed Automatic Transmission,2 wheel drive - front,https://www.autotrader.com/cars-for-sale/vehicledetails.xhtml?listingId=673835845&allListingType=all-cars&zip=75080&makeCodeList=TOYOTA&modelCodeList=CAMRY&state=TX&city=Richardson&searchRadius=50&isNewSearch=false&referrer=%2Fcars-for-sale%2Fall-cars%3Fzip%3D75080%26makeCodeList%3DTOYOTA%26modelCodeList%3DCAMRY&clickType=alpha
4T1T11AK2PU091982,1827,1,N,clean,5,4031,33991,"['8.0J x 18"" Alloy Wheels', 'Alloy wheels', 'Auto High-beam Headlights', 'Bumpers: body-color', 'Delay-off headlights', 'Fully automatic headlights', 'Heated door mirrors', 'Power door mirrors', 'Spoiler', 'Turn signal indicator mirrors', 'Air Conditioning', 'CARPET MAT PACKAGE', 'Driver door bin', 'Driver vanity mirror', 'Front Bucket Seats', 'Front Center Armrest', 'Front dual zone A/C', 'Overhead console', 'Passenger door bin', 'Passenger vanity mirror', 'Power driver seat', 'Power windows', 'Rear seat center armrest', 'Rear window defroster', 'Split folding rear seat', 'Steering wheel mounted audio controls', 'Tachometer', 'Telescoping steering wheel', 'Tilt steering wheel', 'Trip computer', 'Variably intermittent wipers', 'ABS brakes', 'Brake assist', 'Dual front impact airbags', 'Knee airbag', 'Low tire pressure warning', 'Occupant sensing airbag', 'Overhead airbag', 'Panic alarm', 'Rear side impact airbag', 'Security system', 'Traction control', '4-Wheel Disc Brakes', 'Four wheel independent suspension', 'Power steering', 'Speed-sensing steering', '6 Speakers', 'Exterior Parking Camera Rear', 'Radio data system', 'Radio: Audio', 'Remote keyless entry', 'Speed control', 'Apple CarPlay/Android Auto', 'FRONT ACCENT LAMPS', 'Front anti-roll bar', 'PROTECTION PACKAGE', 'Protection Package (Q1) (TMS)', 'Rear anti-roll bar']","1,827 miles",2.5L 4-Cylinder Gas Engine,Information Unavailable,Reservoir Blue Exterior,Black Interior,8-Speed Automatic Transmission,2 wheel drive - front,https://www.autotrader.com/cars-for-sale/vehicledetails.xhtml?listingId=674049215&0=vehicledetails.xhtml&makeCodeList=TOYOTA&modelCodeList=CAMRY&city=Richardson&state=TX&zip=75080&searchRadius=50&marketExtension=include&isNewSearch=false&showAccelerateBanner=false&sortBy=relevance&numRecords=25&listingTypes=USED&referrer=%2Fcars-for-sale%2Ftoyota%2Fcamry%2Frichardson-tx-75080%3F0%3Dvehicledetails.xhtml%26searchRadius%3D50%26marketExtension%3Dinclude%26isNewSearch%3Dfalse%26showAccelerateBanner%3Dfalse%26sortBy%3Drelevance%26numRecords%3D25&clickType=listing
 4T1C11AK2PU739787,2405,1,N,clean,4.5,2139,30455,"['Steering Wheel Controls', 'Air Conditioning', 'Driver door bin', 'Driver vanity mirror', 'Fabric Seat Trim', 'Front Bucket Seats', 'Front Center Armrest', 'Front dual zone A/C', 'Front reading lights', 'Overhead console', 'Passenger door bin', 'Passenger vanity mirror', 'Power driver seat', 'Power windows', 'Rear seat center armrest', 'Rear window defroster', 'Split folding rear seat', 'Steering wheel mounted audio controls', 'Tachometer', 'Telescoping steering wheel', 'Tilt steering wheel', 'Trip computer', 'Variably intermittent wipers', '** Brake Assist', '** Security System', '** Stability Control', 'ABS brakes', 'Brake assist', 'Dual front impact airbags', 'Dual front side impact airbags', 'Electronic Stability Control', 'Knee airbag', 'Low tire pressure warning', 'Occupant sensing airbag', 'Overhead airbag', 'Panic alarm', 'Rear side impact airbag', 'Security system', 'Traction control', '4-Wheel Disc Brakes', 'Four wheel independent suspension', 'Power steering', 'Speed-sensing steering', '** Backup Camera / Parking Sensors', '** Bluetooth', '**Bluetooth / MP3 / Ipod Adapter**', '6 Speakers', 'Automatic temperature control', 'Exterior Parking Camera Rear', 'Radio data system', 'Radio: Audio', 'Remote keyless entry', 'Speed control', '** Alloy Wheels / Premium Wheels', '** Premium Sound System / Premium Audio', 'Emergency communication system: Safety Connect (1-year trial)', 'Front anti-roll bar', 'Illuminated entry', 'Outside temperature display', 'Rear anti-roll bar'] ","2,405 miles",2.5L 4-Cylinder Gas Engine,28 City / 39 Highway,White Exterior,Ash Interior,8-Speed Automatic Transmission,2 wheel drive - front,https://www.autotrader.com/cars-for-sale/vehicledetails.xhtml?listingId=666500689&makeCodeList=TOYOTA&modelCodeList=CAMRY&city=Richardson&state=TX&zip=75080&searchRadius=50&marketExtension=include&isNewSearch=false&showAccelerateBanner=false&sortBy=relevance&numRecords=25&listingTypes=USED&referrer=%2Fcars-for-sale%2Ftoyota%2Fcamry%2Frichardson-tx-75080%3FsearchRadius%3D50%26marketExtension%3Dinclude%26isNewSearch%3Dfalse%26showAccelerateBanner%3Dfalse%26sortBy%3Drelevance%26numRecords%3D25&clickType=listing
4T1K61AK4LU503066,22805,1,N,clean,4.5,919,27990,"['Alloy Wheels', 'Run Flat Tires', 'Driver Multi-Adjustable Power Seat', 'Front Heated Seat', 'Front Power Lumbar Support', 'Passenger Multi-Adjustable Power Seat', 'Power Windows', 'Telescopic Steering Column', 'ABS Brakes', 'Child Safety Door Locks', 'Front Side Airbag', 'Passenger Airbag', 'Side Head Curtain Airbag', 'Vehicle Anti-Theft', 'Cruise Control'] ","22,805 miles ",2.5L 4-Cylinder Gas Engine,27 City / 38 Highway,Blue Streak Metallic Exterior,"Ash, Leather Leather Seats",8-Speed Automatic Transmission,2 wheel drive - front,https://www.autotrader.com/cars-for-sale/vehicledetails.xhtml?listingId=666097049&makeCodeList=TOYOTA&modelCodeList=CAMRY&city=Richardson&state=TX&zip=75080&searchRadius=50&marketExtension=include&isNewSearch=false&showAccelerateBanner=false&sortBy=relevance&numRecords=25&listingTypes=USED&referrer=%2Fcars-for-sale%2Ftoyota%2Fcamry%2Frichardson-tx-75080%3FsearchRadius%3D50%26marketExtension%3Dinclude%26isNewSearch%3Dfalse%26showAccelerateBanner%3Dfalse%26sortBy%3Drelevance%26numRecords%3D25&clickType=listing
4T1C11AK0NU638261,489,1,N,clean,5,303,28500,"['Body-Colored Front Bumper', 'Body-Colored Power Side Mirrors w/Manual Folding', 'Body-Colored Rear Bumper', 'Chrome Side Windows Trim and Black Front Windshield Trim', 'Clearcoat Paint', 'Gray Grille', 'Single Stainless Steel Exhaust', 'Tires: 215/55R17 AS', '1 12V DC Power Outlet', '1 Seatback Storage Pocket', '6-Way Passenger Seat -inc: Manual Recline- Height Adjustment and Fore/Aft Movement', '60-40 Folding Bench Front Facing Fold Forward Seatback Rear Seat', 'Air Filtration', 'Body-Colored Door Handles', 'Cargo Space Lights', 'Cruise Control w/Steering Wheel Controls', 'Day-Night Rearview Mirror', 'Driver / Passenger And Rear Door Bins', 'Driver Seat', 'Dual Zone Front Automatic Air Conditioning', 'Fixed Rear Window w/Defroster', 'Front And Rear Map Lights', 'Front Center Armrest and Rear Center Armrest', 'Front Cupholder', 'Full Carpet Floor Covering', 'Full Cloth Headliner', 'Full Floor Console w/Covered Storage- Mini Overhead Console w/Storage and 1 12V DC Power Outlet', 'HVAC -inc: Underseat Ducts', 'Illuminated Locking Glove Box', 'Interior Trim -inc: Piano Black Instrument Panel Insert and Chrome/Metal-Look Interior Accents', 'Light Tinted Glass', 'Manual Adjustable Front Head Restraints and Fixed Rear Head Restraints', 'Manual Tilt/Telescoping Steering Column', 'Rear Cupholder', 'Seats w/Cloth Back Material', 'Trunk Rear Cargo Access', 'Valet Function', 'Variable Intermittent Wipers', 'Airbag Occupancy Sensor', 'Compact Spare Tire Mounted Inside Under Cargo', 'Dual Stage Driver And Passenger Front Airbags', 'Outboard Front Lap And Shoulder Safety Belts -inc: Rear Center 3 Point- Height Adjusters and Pretensioners', 'Perimeter Alarm', 'Rear Child Safety Locks', 'Side Impact Beams', 'Steel Spare Wheel', '2.80 Axle Ratio', 'Engine Auto Stop-Start Feature', 'Front-Wheel Drive', 'Multi-Link Rear Suspension w/Coil Springs', 'Strut Front Suspension w/Coil Springs', '2 LCD Monitors In The Front', 'Engine Immobilizer', '15.8 Gal. Fuel Tank', '4-Wheel Disc Brakes w/4-Wheel ABS- Front Vented Discs- Brake Assist and Hill Hold Control', 'Analog Appearance', 'Auto On/Off Projector Beam Led Low Beam Daytime Running Auto High-Beam Headlamps w/Delay-Off', 'Battery w/Run Down Protection', 'Carpet Floor Trim and Carpet Trunk Lid/Rear Cargo Door Trim', 'Driver And Passenger Visor Vanity Mirrors w/Driver And Passenger Auxiliary Mirror', 'Driver Foot Rest', 'Driver Monitoring-Alert', 'Engine: 2.5L I-4 DOHC 16-Valve -inc: VVT-i intake and exhaust', 'FOB Controls -inc: Cargo Access and Windows', 'Fade-To-Off Interior Lighting', 'Front And Rear Anti-Roll Bars', 'Galvanized Steel/Aluminum Panels', 'Gas-Pressurized Shock Absorbers', 'Headlights-Automatic Highbeams', 'LED Brakelights', 'Outside Temp Gauge', 'Radio w/Seek-Scan- Clock- Speed Compensated Volume Control- Steering Wheel Controls and Radio Data System', 'Remote Releases -Inc: Power Cargo Access and Power Fuel', 'Systems Monitor', 'Tire Pressure Monitor System (TPMS) Low Tire Pressure Warning', 'Toyota Safety Sense (TSS) 2.5+', 'Transmission: 8-Speed Direct Shift ECT-i Automatic -inc: sequential shift mode', 'Urethane Gear Shifter Material', 'Wheels w/Silver Accents', 'Wheels: 7.5J x 17"""" Alloy'] ",489 miles ,2.5L 4-Cylinder Gas Engine,28 City / 39 Highway,White Exterior,Black Interior,8-Speed Automatic Transmission,2 wheel drive - front,https://www.autotrader.com/cars-for-sale/vehicledetails.xhtml?listingId=640277666&makeCodeList=TOYOTA&modelCodeList=CAMRY&city=Richardson&state=TX&zip=75080&searchRadius=50&marketExtension=include&isNewSearch=false&showAccelerateBanner=false&sortBy=relevance&numRecords=25&listingTypes=USED&referrer=%2Fcars-for-sale%2Ftoyota%2Fcamry%2Frichardson-tx-75080%3FsearchRadius%3D50%26marketExtension%3Dinclude%26isNewSearch%3Dfalse%26showAccelerateBanner%3Dfalse%26sortBy%3Drelevance%26numRecords%3D25&clickType=listing
4T4BF1FK9ER374310,54413,1,Y,rebuilt,4,261,17588,"['6.5J x 16"" Steel Wheels w/Covers', 'Bumpers: body-color', 'Delay-off headlights', 'Fully automatic headlights', 'Power door mirrors', '8-Way Power Adjustable Driver Seat', 'Air Conditioning', 'Driver door bin', 'Driver vanity mirror', 'Fabric Seat Trim', 'Front Bucket Seats', 'Front reading lights', 'Overhead console', 'Passenger door bin', 'Passenger vanity mirror', 'Power windows', 'Rear seat center armrest', 'Rear window defroster', 'Split folding rear seat', 'Steering wheel mounted audio controls', 'Tachometer', 'Telescoping steering wheel', 'Tilt steering wheel', 'Trip computer', 'Variably intermittent wipers', 'ABS brakes', 'Brake assist', 'Electronic Stability Control', 'Knee airbag', 'Low tire pressure warning', 'Occupant sensing airbag', 'Overhead airbag', 'Panic alarm', 'Rear side impact airbag', 'Traction control', '4-Wheel Disc Brakes', 'Power steering', 'Speed-sensing steering', '6 Speakers', 'AM/FM radio/CD Player/MP3 Capable', 'Radio: AM/FM/CD Player w/6.1"" Touch Screen', 'Remote keyless entry', 'Speed control', 'Front anti-roll bar', 'Illuminated entry', 'Never A Rental', 'Outside temperature display', 'Rear anti-roll bar', 'Used Toyota Dealer Serving Hurst TX'] ","54,418 miles ",2.5L 4-Cylinder Gas Engine ,25 City / 34 Highway ,Barcelona Red Metallic Exterior,Ivory Interior,6-Speed Automatic Transmission,2 wheel drive - front,https://www.autotrader.com/cars-for-sale/vehicledetails.xhtml?listingId=674016170&makeCodeList=TOYOTA&modelCodeList=CAMRY&city=Richardson&state=TX&zip=75080&searchRadius=50&marketExtension=include&isNewSearch=false&showAccelerateBanner=false&sortBy=relevance&numRecords=25&listingTypes=USED&referrer=%2Fcars-for-sale%2Ftoyota%2Fcamry%2Frichardson-tx-75080%3FsearchRadius%3D50%26marketExtension%3Dinclude%26isNewSearch%3Dfalse%26showAccelerateBanner%3Dfalse%26sortBy%3Drelevance%26numRecords%3D25&clickType=spotlight
 4T1BF1FK1DU663075,75100,2,Y,rebuilt,4.6,293,15795,"['AC', 'Auxiliary Pwr Outlet', 'Climate Control', 'Leather Steering Whl', 'Power Driver Seat', 'Power Locks', 'Power Windows', 'Rear Defroster', 'Sunroof', 'Tilt', 'Wood Inlays', 'Anti-Lock Brakes', 'Child Safety Locks', 'Daytime Running Lights', 'Dual Front Airbags', 'Rear Head Air Bag', 'Side Airbags', 'Side Head Air Bag', 'Tire Pressure Monitoring', 'Traction Control', '4-Wheel Disc Brakes', 'Power Steering', 'AM/FM', 'CD Player', 'Cruise', 'Keyless Entry', 'Steering Radio Ctrls', 'Seats', 'Variable Wipers'] ","75,100 miles",2.5L 4-Cylinder Gas Engine,25 City / 34 Highway,Super White Exterior,Other Interior,6-Speed Automatic Transmission ,2 wheel drive - front,https://www.autotrader.com/cars-for-sale/vehicledetails.xhtml?listingId=655254063&makeCodeList=TOYOTA&modelCodeList=CAMRY&city=Richardson&state=TX&zip=75080&searchRadius=50&marketExtension=include&isNewSearch=false&showAccelerateBanner=false&sortBy=relevance&numRecords=25&listingTypes=USED&referrer=%2Fcars-for-sale%2Ftoyota%2Fcamry%2Frichardson-tx-75080%3FsearchRadius%3D50%26marketExtension%3Dinclude%26isNewSearch%3Dfalse%26showAccelerateBanner%3Dfalse%26sortBy%3Drelevance%26numRecords%3D25&clickType=listing
 4T1B11HK6KU751001,120940,2,N,clean,5,5446,18991,"['7.5J x 17"" Alloy Wheels', 'Alloy Wheels', 'Alloy wheels', 'Auto High-beam Headlights', 'Bumpers: body-color', 'Delay-off headlights', 'Fully automatic headlights', 'Power door mirrors', 'Air Conditioning', 'Driver door bin', 'Driver vanity mirror', 'Fabric Seat Trim', 'Front Bucket Seats', 'Front Center Armrest', 'Front reading lights', 'Overhead console', 'Passenger door bin', 'Passenger vanity mirror', 'Power driver seat', 'Power windows', 'Rear reading lights', 'Rear seat center armrest', 'Rear window defroster', 'Split folding rear seat', 'Steering wheel mounted audio controls', 'Tachometer', 'Telescoping steering wheel', 'Tilt steering wheel', 'Trip computer', 'Variably intermittent wipers', 'ABS brakes', 'Brake assist', 'Dual front impact airbags', 'Knee airbag', 'Low tire pressure warning', 'Occupant sensing airbag', 'Overhead airbag', 'Panic alarm', 'Rear side impact airbag', 'Security system', 'Traction control', '4-Wheel Disc Brakes', 'Four wheel independent suspension', 'Power steering', 'Speed-sensing steering', '6 Speakers', 'AM/FM radio', 'Bluetooth', 'Exterior Parking Camera Rear', 'Navigation System', 'Radio data system', 'Remote keyless entry', 'Speed control', 'Emergency communication system: Safety Connect', 'Local Trade', 'Non Smoker!', 'Outside temperature display', 'Radio: Entune 3.0 Audio w/App Suite', 'Rear anti-roll bar', 'Toyota Safety Sense', 'iPhone Integration'] ","120,940 miles ",2.5L 4-Cylinder Gas Engine ,29 City / 41 Highway,Midnight Black Metallic Exterior,Black Interior,8-Speed Automatic Transmission ,2 wheel drive - front,https://www.autotrader.com/cars-for-sale/vehicledetails.xhtml?listingId=674609099&makeCodeList=TOYOTA&modelCodeList=CAMRY&city=Decatur&state=GA&zip=30033&featureCodes=AT0001&searchRadius=50&isNewSearch=false&marketExtension=include&showAccelerateBanner=false&sortBy=relevance&numRecords=25&requestId=2225141853&listingTypes=USED&referrer=%2Fcars-for-sale%2Ftoyota%2Fcamry%2Fdecatur-ga-30033%3FfeatureCodes%3DAT0001%26searchRadius%3D50%26isNewSearch%3Dfalse%26marketExtension%3Dinclude%26showAccelerateBanner%3Dfalse%26sortBy%3Drelevance%26numRecords%3D25%26requestId%3D2225141853&clickType=alpha
4T1G11AK6LU349237,35312,1,N,clean,4.6,1951,24464,"['Alloy wheels', 'Auto High-beam Headlights', 'Black Door Handles', 'Black Mirror Caps', 'Black Rear Badges', 'Black Rear Spoiler', 'Black Window Molding', 'Bumpers: body-color', 'Delay-off headlights', 'Fully automatic headlights', 'Power door mirrors', 'Spoiler', 'Wheels: 8.0J x 18"" Black Machined-Finish Alloy', 'Air Conditioning', 'Driver door bin', 'Driver vanity mirror', 'Fabric Seat Trim w/SofTex', 'Front Bucket Seats', 'Front Center Armrest', 'Front Sport Bucket Seats', 'Front reading lights', 'Overhead console', 'Passenger door bin', 'Passenger vanity mirror', 'Power driver seat', 'Power windows', 'Rear reading lights', 'Rear seat center armrest', 'Rear window defroster', 'Split folding rear seat', 'Sport steering wheel', 'Steering wheel mounted audio controls', 'Tachometer', 'Telescoping steering wheel', 'Tilt steering wheel', 'Trip computer', 'Variably intermittent wipers', 'ABS brakes', 'Brake assist', 'Knee airbag', 'Low tire pressure warning', 'Occupant sensing airbag', 'Overhead airbag', 'Panic alarm', 'Rear side impact airbag', 'Security system', 'Traction control', '4-Wheel Disc Brakes', 'Four wheel independent suspension', 'Power steering', 'Speed-sensing steering', '6 Speakers', 'AM/FM radio: SiriusXM', 'Black Shark-Fin Antenna', 'Exterior Parking Camera Rear', 'Radio data system', 'Radio: AM/FM Audio System', 'Remote keyless entry', 'Speed control', 'Apple CarPlay/Android Auto', 'Front anti-roll bar', 'Illuminated entry', 'Outside temperature display', 'Rear anti-roll bar'] ","35,312 miles ",2.5L 4-Cylinder Gas Engine ,28 City / 39 Highway ,Super White Exterior,Black Interior,8-Speed Automatic Transmission,2 wheel drive - front,https://www.autotrader.com/cars-for-sale/vehicledetails.xhtml?listingId=673104865&makeCodeList=TOYOTA&modelCodeList=CAMRY&city=Washington&state=DC&zip=20001&searchRadius=50&marketExtension=include&isNewSearch=false&showAccelerateBanner=false&sortBy=relevance&numRecords=25&listingTypes=USED&referrer=%2Fcars-for-sale%2Ftoyota%2Fcamry%2Fwashington-dc-20001%3FsearchRadius%3D50%26marketExtension%3Dinclude%26isNewSearch%3Dfalse%26showAccelerateBanner%3Dfalse%26sortBy%3Drelevance%26numRecords%3D25&clickType=listing
4T1G11AK4NU674889,12708,1,N,clean,4.8,4671,29436,"['Alloy wheels', 'Auto High-beam Headlights', 'Bumpers: body-color', 'Delay-off headlights', 'Fully automatic headlights', 'Heated door mirrors', 'Power door mirrors', 'Spoiler', 'Turn signal indicator mirrors', 'Wheels: 8.0J x 18"" Black Machined-Finish Alloy', 'Air Conditioning', 'Driver door bin', 'Driver vanity mirror', 'Front Bucket Seats', 'Front Center Armrest', 'Front dual zone A/C', 'Front reading lights', 'Overhead console', 'Passenger door bin', 'Passenger vanity mirror', 'Power driver seat', 'Power windows', 'Rear seat center armrest', 'Rear window defroster', 'Split folding rear seat', 'Steering wheel mounted audio controls', 'Tachometer', 'Telescoping steering wheel', 'Tilt steering wheel', 'Trip computer', 'Variably intermittent wipers', 'ABS brakes', 'Brake assist', 'Dual front impact airbags', 'Dual front side impact airbags', 'Electronic Stability Control', 'Knee airbag', 'Low tire pressure warning', 'Occupant sensing airbag', 'Overhead airbag', 'Panic alarm', 'Rear side impact airbag', 'Security system', 'Traction control', '4-Wheel Disc Brakes', 'Four wheel independent suspension', 'Power steering', 'Speed-sensing steering', '6 Speakers', 'AM/FM radio: SiriusXM', 'Active Cruise Control', 'Automatic temperature control', 'Exterior Parking Camera Rear', 'Radio data system', 'Radio: AM/FM Audio System', 'Remote keyless entry', 'Speed control', 'Emergency communication system: Safety Connect with 1-year trial', 'Fabric Seat Trim w/Sport SofTex', 'Front anti-roll bar', 'Illuminated entry', 'Outside temperature display', 'Rear anti-roll bar'] ","12,708 miles",2.5L 4-Cylinder Gas Engine ,28 City / 39 Highway ,Midnight Black Metallic Exterior,Ash Interior,8-Speed Automatic Transmission,2 wheel drive - front,https://www.autotrader.com/cars-for-sale/vehicledetails.xhtml?listingId=668227024&makeCodeList=TOYOTA&modelCodeList=CAMRY&city=Richardson&state=TX&zip=75080&searchRadius=50&marketExtension=include&isNewSearch=false&showAccelerateBanner=false&sortBy=relevance&numRecords=25&firstRecord=25&listingTypes=USED&referrer=%2Fcars-for-sale%2Ftoyota%2Fcamry%2Frichardson-tx-75080%3FsearchRadius%3D50%26marketExtension%3Dinclude%26isNewSearch%3Dfalse%26showAccelerateBanner%3Dfalse%26sortBy%3Drelevance%26numRecords%3D25%26firstRecord%3D25&clickType=spotlight
4T1G11AK2MU426560,64851,1,N,clean,4.6,4074,23200,"['Alloy Wheels', 'Alloy wheels', 'Auto High-beam Headlights', 'Bumpers: body-color', 'Delay-off headlights', 'Fully automatic headlights', 'Power door mirrors', 'Spoiler', 'Wheels: 8.0J x 18"" Black Machined-Finish Alloy', 'Air Conditioning', 'Driver door bin', 'Driver vanity mirror', 'Front Bucket Seats', 'Front Center Armrest', 'Front reading lights', 'Leather', 'Overhead console', 'Passenger door bin', 'Passenger vanity mirror', 'Power driver seat', 'Power windows', 'Rear seat center armrest', 'Rear window defroster', 'Split folding rear seat', 'Steering wheel mounted audio controls', 'Tachometer', 'Telescoping steering wheel', 'Tilt steering wheel', 'Trip computer', 'Variably intermittent wipers', 'ABS brakes', 'Brake assist', 'Dual front impact airbags', 'Dual front side impact airbags', 'Electronic Stability Control', 'Knee airbag', 'Low tire pressure warning', 'Occupant sensing airbag', 'Overhead airbag', 'Panic alarm', 'Rear side impact airbag', 'Security system', 'Traction control', '4-Wheel Disc Brakes', 'Four wheel independent suspension', 'Power steering', 'Speed-sensing steering', '6 Speakers', 'AM/FM radio: SiriusXM', 'Exterior Parking Camera Rear', 'Navigation/GPS', 'Radio data system', 'Radio: AM/FM Audio System', 'Remote keyless entry', 'Speed control', '1-Owner', 'Apple CarPlay/Android Auto', 'Fabric Seat Trim w/Sport SofTex', 'Front anti-roll bar', 'Illuminated entry', 'Must See', 'Outside temperature display', 'Rear anti-roll bar'] ","64,851 miles ",2.5L 4-Cylinder Gas Engine ,Information Unavailable ,Supersonic Red Exterior,Black Leather Seats,8-Speed Automatic Transmission,2 wheel drive - front,https://www.autotrader.com/cars-for-sale/vehicledetails.xhtml?listingId=669644478&makeCodeList=TOYOTA&modelCodeList=CAMRY&city=Richardson&state=TX&zip=75080&listingTypes=USED&searchRadius=50&marketExtension=include&isNewSearch=false&referrer=%2Fcars-for-sale%2Ftoyota%2Fcamry%2Frichardson-tx-75080%3FmakeCodeList%3DTOYOTA%26listingTypes%3DUSED%26searchRadius%3D50%26modelCodeList%3DCAMRY%26zip%3D75080%26location%3D%26marketExtension%3Dinclude%26sortBy%3D&clickType=spotlight
4T1K61AK7LU383411,29425,1,N,clean,4.6,1952,30000,"['Alloy wheels', 'Auto High-beam Headlights', 'Bumpers: body-color', 'Delay-off headlights', 'Fully automatic headlights', 'Heated door mirrors', 'Power door mirrors', 'Spoiler', 'Turn signal indicator mirrors', 'Wheels: 8.0J x 19"" Black Machined-Finish Alloy', 'Air Conditioning', 'Auto-dimming Rear-View mirror', 'Driver door bin', 'Driver vanity mirror', 'Front Bucket Seats', 'Front Center Armrest', 'Front dual zone A/C', 'Front reading lights', 'Heated front seats', 'Leather Seat Trim', 'Leather Shift Knob', 'Multi-Stage Heated Front Bucket Seats', 'Overhead console', 'Panoramic Roof', 'Passenger door bin', 'Passenger vanity mirror', 'Power driver seat', 'Power passenger seat', 'Power windows', 'Rear reading lights', 'Rear seat center armrest', 'Rear window defroster', 'Split folding rear seat', 'Sport steering wheel', 'Steering wheel mounted audio controls', 'Tachometer', 'Telescoping steering wheel', 'Tilt steering wheel', 'Trip computer', 'Variably intermittent wipers', 'ABS brakes', 'Brake assist', 'Dual front impact airbags', 'Dual front side impact airbags', 'Electronic Stability Control', 'Knee airbag', 'Low tire pressure warning', 'Occupant sensing airbag', 'Overhead airbag', 'Panic alarm', 'Rear side impact airbag', 'Security system', 'Traction control', '4-Wheel Disc Brakes', 'Four wheel independent suspension', 'Power steering', 'Speed-sensing steering', '6 Speakers', 'AM/FM radio: SiriusXM', 'Automatic temperature control', 'CD player', 'Compass', 'Exterior Parking Camera Rear', 'Garage door transmitter: HomeLink', 'Radio data system', 'Remote keyless entry', 'Speed control', 'Apple CarPlay/Android Auto', 'Emergency communication system: Safety Connect with 1-year trial', 'Front anti-roll bar', 'Illuminated entry', 'Outside temperature display', 'Radio: AM/FM/HD Audio Plus', 'Rear anti-roll bar'] ","29,425 miles",2.5L 4-Cylinder Gas Engine,27 City / 38 Highway,Midnight Black Metallic Exterior,Black Leather Seats,8-Speed Automatic Transmission,2 wheel drive - front,https://www.autotrader.com/cars-for-sale/vehicledetails.xhtml?listingId=661025024&makeCodeList=TOYOTA&modelCodeList=CAMRY&city=Richardson&state=TX&zip=75080&searchRadius=50&marketExtension=include&isNewSearch=false&showAccelerateBanner=false&sortBy=relevance&numRecords=25&firstRecord=25&listingTypes=USED&referrer=%2Fcars-for-sale%2Ftoyota%2Fcamry%2Frichardson-tx-75080%3FsearchRadius%3D50%26marketExtension%3Dinclude%26isNewSearch%3Dfalse%26showAccelerateBanner%3Dfalse%26sortBy%3Drelevance%26numRecords%3D25%26firstRecord%3D25&clickType=listing
4T1F11AK8LU888390,21265,1,N,clean,3.7,540,27995,"['Air Conditioning', 'Auto-dimming Rear-View mirror', 'Driver door bin', 'Driver vanity mirror', 'Front Bucket Seats', 'Front Center Armrest', 'Front dual zone A/C', 'Front reading lights', 'Heated front seats', 'Leather Seat Trim', 'Leather Shift Knob', 'Multi-Stage Heated Front Bucket Seats', 'Overhead console', 'Passenger door bin', 'Passenger vanity mirror', 'Power driver seat', 'Power passenger seat', 'Power windows', 'Rear reading lights', 'Rear seat center armrest', 'Rear window defroster', 'Split folding rear seat', 'Steering wheel mounted audio controls', 'Tachometer', 'Telescoping steering wheel', 'Tilt steering wheel', 'Trip computer', 'Variably intermittent wipers', 'ABS brakes', 'Brake assist', 'Dual front impact airbags', 'Dual front side impact airbags', 'Electronic Stability Control', 'Knee airbag', 'Low tire pressure warning', 'Occupant sensing airbag', 'Overhead airbag', 'Panic alarm', 'Rear side impact airbag', 'Security system', 'Traction control', '4-Wheel Disc Brakes', 'Four wheel independent suspension', 'Power steering', 'Speed-sensing steering', '6 Speakers', 'AM/FM radio: SiriusXM', 'Automatic temperature control', 'CD player', 'Compass', 'Exterior Parking Camera Rear', 'Garage door transmitter: HomeLink', 'Radio data system', 'Remote keyless entry', 'Speed control', 'Apple CarPlay/Android Auto', 'Emergency communication system: Safety Connect with 1-year trial', 'Front anti-roll bar', 'Illuminated entry', 'Outside temperature display', 'Radio: AM/FM/HD Audio Plus', 'Rear anti-roll bar'] ","21,265 miles ",2.5L 4-Cylinder Gas Engine,27 City / 38 Highway ,White Exterior,Ash Leather Seats,8-Speed Automatic Transmission,2 wheel drive - front,https://www.autotrader.com/cars-for-sale/vehicledetails.xhtml?listingId=671450370&makeCodeList=TOYOTA&modelCodeList=CAMRY&city=Richardson&state=TX&zip=75080&searchRadius=50&marketExtension=include&isNewSearch=false&showAccelerateBanner=false&sortBy=relevance&numRecords=25&firstRecord=25&listingTypes=USED&referrer=%2Fcars-for-sale%2Ftoyota%2Fcamry%2Frichardson-tx-75080%3FsearchRadius%3D50%26marketExtension%3Dinclude%26isNewSearch%3Dfalse%26showAccelerateBanner%3Dfalse%26sortBy%3Drelevance%26numRecords%3D25%26firstRecord%3D25&clickType=listing
4T1BF1FK4FU059412,74544,3,N,clean,4.6,4084,17792,"['Rear Spoiler', 'Ash/Black', 'Sport Fabric Softex-Trimmed Front Seat Trim', '50 State Emissions', 'Bluetooth Connection', 'Predawn Gray Mica'] ","74,544 miles ",2.5L 4-Cylinder Gas Engine ,25 City / 34 Highway,Predawn Gray Mica Exterior,Ash/Black Leather Seats,6-Speed Automatic Transmission,2 wheel drive - front,https://www.autotrader.com/cars-for-sale/vehicledetails.xhtml?listingId=672451239&makeCodeList=TOYOTA&modelCodeList=CAMRY&city=Richardson&state=TX&zip=75080&searchRadius=50&marketExtension=include&isNewSearch=false&showAccelerateBanner=false&sortBy=relevance&numRecords=25&firstRecord=25&listingTypes=USED&referrer=%2Fcars-for-sale%2Ftoyota%2Fcamry%2Frichardson-tx-75080%3FsearchRadius%3D50%26marketExtension%3Dinclude%26isNewSearch%3Dfalse%26showAccelerateBanner%3Dfalse%26sortBy%3Drelevance%26numRecords%3D25%26firstRecord%3D25&clickType=listing
4T1K61AK0NU040779,13113,1,N,clean,5,5025,35998,"['Alloy Wheels', 'Alloy wheels', 'Auto High-beam Headlights', 'Bumpers: body-color', 'Delay-off headlights', 'Fully automatic headlights', 'Heated door mirrors', 'Power door mirrors', 'Spoiler', 'Turn signal indicator mirrors', 'Wheels: 8.0J x 19"" Black Machined-Finish Alloy', 'Air Conditioning', 'Auto-dimming Rear-View mirror', 'Driver door bin', 'Driver vanity mirror', 'Front Bucket Seats', 'Front Center Armrest', 'Front dual zone A/C', 'Front reading lights', 'Heated front seats', 'Multi-Stage Heated Front Bucket Seats', 'Overhead console', 'Panoramic Glass Roof', 'Passenger door bin', 'Passenger vanity mirror', 'Perforated Leather Seat Trim', 'Power driver seat', 'Power passenger seat', 'Power windows', 'Rear reading lights', 'Rear seat center armrest', 'Rear window defroster', 'Split folding rear seat', 'Steering wheel mounted audio controls', 'Tachometer', 'Telescoping steering wheel', 'Tilt steering wheel', 'Trip computer', 'Variably intermittent wipers', 'ABS brakes', 'Brake assist', 'Dual front impact airbags', 'Dual front side impact airbags', '', 'Knee airbag', 'Low tire pressure warning', 'Occupant sensing airbag', 'Overhead airbag', 'Panic alarm', 'Rear side impact airbag', 'Security system', 'Traction control', '4-Wheel Disc Brakes', '', 'Power steering', 'Speed-sensing steering', '6 Speakers', 'AM/FM radio: SiriusXM', 'Automatic temperature control', '', 'Garage door transmitter: HomeLink', 'Navigation System', 'Radio data system', 'Remote keyless entry', 'Speed control', 'keyless start'] ","13,113 miles",2.5L 4-Cylinder Gas Engine ,27 City / 38 Highway,Wind Chill Pearl/Midnight Black Metallic Exterior,Black Leather Seats,8-Speed Automatic Transmission ,2 wheel drive - front,https://www.autotrader.com/cars-for-sale/vehicledetails.xhtml?listingId=674079765&makeCodeList=TOYOTA&modelCodeList=CAMRY&city=Richardson&state=TX&zip=75080&searchRadius=50&marketExtension=include&isNewSearch=false&showAccelerateBanner=false&sortBy=relevance&numRecords=25&firstRecord=25&listingTypes=USED&referrer=%2Fcars-for-sale%2Ftoyota%2Fcamry%2Frichardson-tx-75080%3FsearchRadius%3D50%26marketExtension%3Dinclude%26isNewSearch%3Dfalse%26showAccelerateBanner%3Dfalse%26sortBy%3Drelevance%26numRecords%3D25%26firstRecord%3D25&clickType=listing
4T1G11AK4MU586004,40008,2,N,clean,4.7,3131,25000,"['** ALLOY WHEELS **', 'Alloy wheels', 'Auto High-beam Headlights', 'Bumpers: body-color', 'Delay-off headlights', 'Fully automatic headlights', 'Power door mirrors', 'Spoiler', ""Wheels: 8.0J x 18' Black Machined-Finish Alloy"", '* LEATHER INTERIOR *', 'Air Conditioning', 'Driver door bin', 'Driver vanity mirror', 'Front Bucket Seats', 'Front Center Armrest', 'Front reading lights', 'Overhead console', 'Passenger door bin', 'Passenger vanity mirror', 'Power driver seat', 'Power windows', 'Rear seat center armrest', 'Rear window defroster', 'Split folding rear seat', 'Steering wheel mounted audio controls', 'Tachometer', 'Telescoping steering wheel', 'Tilt steering wheel', 'Trip computer', 'Variably intermittent wipers', 'ABS brakes', 'Brake assist', 'Dual front impact airbags', 'Dual front side impact airbags', 'Electronic Stability Control', 'Knee airbag', 'Low tire pressure warning', 'Occupant sensing airbag', 'Overhead airbag', 'Panic alarm', 'Rear side impact airbag', 'Security system', 'Traction control', '* AUTOMATIC *', '4-Wheel Disc Brakes', 'Four wheel independent suspension', 'Power steering', 'Speed-sensing steering', '* BACK UP CAMERA *', '* BLUETOOTH *', 'Automatic temperature control', 'Exterior Parking Camera Rear', 'Radio data system', 'Remote keyless entry', 'Speed control', '*LOW MILES*', 'Apple CarPlay/Android Auto', 'Fabric Seat Trim w/Sport SofTex', 'Front anti-roll bar', 'Illuminated entry', 'Outside temperature display', 'Rear anti-roll bar'] ","40,008 miles",2.5L 4-Cylinder Gas Engine ,28 City / 39 Highway,Celestial Silver Exterior,Black Leather Seats,8-Speed Automatic Transmission,2 wheel drive - front,https://www.autotrader.com/cars-for-sale/vehicledetails.xhtml?listingId=667713217&makeCodeList=TOYOTA&modelCodeList=CAMRY&city=Richardson&state=TX&zip=75080&searchRadius=50&isNewSearch=false&marketExtension=include&showAccelerateBanner=false&sortBy=relevance&numRecords=25&listingTypes=USED&referrer=%2Fcars-for-sale%2Ftoyota%2Fcamry%2Frichardson-tx-75080%3FsearchRadius%3D50%26isNewSearch%3Dfalse%26marketExtension%3Dinclude%26showAccelerateBanner%3Dfalse%26sortBy%3Drelevance%26numRecords%3D25&clickType=spotlight
4T1K61AK5NU705675,765,1,N,clean,5,847,36996,"['Auto High-beam Headlights', 'Bumpers: body-color', 'Delay-off headlights', 'Fully automatic headlights', 'Heated door mirrors', 'Power door mirrors', 'Spoiler', 'Turn signal indicator mirrors', ""Wheels: 8.0J x 19' Black Machined-Finish Alloy"", 'Air Conditioning', 'Auto-dimming Rear-View mirror', 'Driver door bin', 'Driver vanity mirror', 'Front Bucket Seats', 'Front Center Armrest', 'Front dual zone A/C', 'Front reading lights', 'Heated front seats', 'Multi-Stage Heated Front Bucket Seats', 'Overhead console', 'Passenger door bin', 'Passenger vanity mirror', 'Perforated Leather Seat Trim', 'Power driver seat', 'Power passenger seat', 'Power windows', 'Rear reading lights', 'Rear seat center armrest', 'Rear window defroster', 'Split folding rear seat', 'Steering wheel mounted audio controls', 'Tachometer', 'Telescoping steering wheel', 'Tilt steering wheel', 'Trip computer', 'Variably intermittent wipers', 'ABS brakes', 'Brake assist', 'Dual front impact airbags', 'Dual front side impact airbags', 'Electronic Stability Control', 'Knee airbag', 'Low tire pressure warning', 'Occupant sensing airbag', 'Overhead airbag', 'Panic alarm', 'Rear side impact airbag', 'Security system', 'Traction control', '4-Wheel Disc Brakes', 'Four wheel independent suspension', 'Power steering', 'Speed-sensing steering', '6 Speakers', 'AM/FM radio: SiriusXM', 'Automatic temperature control', 'Exterior Parking Camera Rear', 'Garage door transmitter: HomeLink', 'Radio data system', 'Remote keyless entry', 'Speed control', 'Door Edge Guard (TMS)', 'Emergency communication system: Safety Connect with 1-year trial', 'Front anti-roll bar', 'Illuminated entry', 'Outside temperature display', 'Radio: AM/FM/HD Audio Plus', 'Rear Bumper Applique (Black) (TMS)', 'Rear anti-roll bar'] ",774 miles,2.5L 4-Cylinder Gas Engine ,27 City / 38 Highway,Midnight Black Exterior,Black Leather Seats,8-Speed Automatic Transmission,2 wheel drive - front,https://www.autotrader.com/cars-for-sale/vehicledetails.xhtml?listingId=666935300&makeCodeList=TOYOTA&modelCodeList=CAMRY&city=Richardson&state=TX&zip=75080&searchRadius=50&marketExtension=include&isNewSearch=false&showAccelerateBanner=false&sortBy=relevance&numRecords=25&firstRecord=50&listingTypes=USED&referrer=%2Fcars-for-sale%2Ftoyota%2Fcamry%2Frichardson-tx-75080%3FsearchRadius%3D50%26marketExtension%3Dinclude%26isNewSearch%3Dfalse%26showAccelerateBanner%3Dfalse%26sortBy%3Drelevance%26numRecords%3D25%26firstRecord%3D50&clickType=listing
4T1T11AK6MU564794,25285,1,N,clean,4.6,1952,25994,"['Alloy wheels', '', '', 'Delay-off headlights', '', '', 'Spoiler', 'Wheels: 8.0J x 18"" Black Machined-Finish Alloy', 'Air Conditioning', 'Auto-Dimming Rear-View Mirror', '', '', '', '', '', '', 'Passenger door bin', 'Passenger vanity mirror', 'Power Tilt/Sliding Moonroof', 'Power driver seat', 'Power windows', 'Rear seat center armrest', 'Rear window defroster', '', 'Steering wheel mounted audio controls', 'Tachometer', 'Telescoping steering wheel', 'Tilt steering wheel', 'Trip computer', 'Variably intermittent wipers', 'ABS brakes', 'Brake assist', 'Dual front impact airbags', 'Dual front side impact airbags', 'Electronic Stability Control', 'Knee airbag', 'Low tire pressure warning', 'Occupant sensing airbag', 'Overhead airbag', 'Panic alarm', 'Rear side impact airbag', 'Security system', 'Traction control', '4-Wheel Disc Brakes', 'Four wheel independent suspension', 'Power steering', 'Speed-sensing steering', '6 Speakers', 'AM/FM radio: SiriusXM', '', 'Exterior Parking Camera Rear', 'HomeLink', 'Radio data system', 'Radio: AM/FM Audio System', 'Remote keyless entry', 'Speed control', 'Apple CarPlay/Android Auto', 'Black Out Badges (TMS)', 'Blackout Package (TMS)', 'Convenience Package', 'Emergency communication system: Safety Connect with 1-year trial', 'Fabric Seat Trim w/Sport SofTex', 'Front anti-roll bar', 'Illuminated entry', 'Outside temperature display', 'Rear Bumper Applique (Black) (TMS)', 'Rear anti-roll bar', 'Rocker Applique (TMS)', 'Smart Key System w/Push Button Start']","25,285 miles",2.5L 4-Cylinder Gas Engine ,28 City / 39 Highway,Midnight Black Metallic Exterior,Black Interior,8-Speed Automatic Transmission,2 wheel drive - front,https://www.autotrader.com/cars-for-sale/vehicledetails.xhtml?listingId=673428941&makeCodeList=TOYOTA&modelCodeList=CAMRY&city=Richardson&state=TX&zip=75080&searchRadius=50&marketExtension=include&isNewSearch=false&showAccelerateBanner=false&sortBy=relevance&numRecords=25&firstRecord=75&listingTypes=USED&referrer=%2Fcars-for-sale%2Ftoyota%2Fcamry%2Frichardson-tx-75080%3FsearchRadius%3D50%26marketExtension%3Dinclude%26isNewSearch%3Dfalse%26showAccelerateBanner%3Dfalse%26sortBy%3Drelevance%26numRecords%3D25%26firstRecord%3D75&clickType=listing
4T1G11AK9MU579114,45863,1,N,clean,4.8,1806,24987,"['Alloy Wheels', 'Alloy wheels', 'Auto High-beam Headlights', 'Bumpers: body-color', 'Delay-off headlights', 'Fully automatic headlights', 'Power door mirrors', 'Spoiler', 'Wheels: 8.0J x 18"" Black Machined-Finish Alloy', 'Air Conditioning', 'Driver door bin', 'Driver vanity mirror', 'Front Bucket Seats', 'Front Center Armrest', 'Front reading lights', 'Leather Seats', 'Overhead console', 'Passenger door bin', 'Passenger vanity mirror', 'Power driver seat', 'Power windows', 'Rear seat center armrest', 'Rear window defroster', 'Split folding rear seat', 'Steering wheel mounted audio controls', 'Tachometer', 'Telescoping steering wheel', 'Tilt steering wheel', 'Trip computer', 'Variably intermittent wipers', 'ABS brakes', 'Brake assist', 'Dual front impact airbags', 'Dual front side impact airbags', 'Electronic Stability Control', 'Knee airbag', 'Low tire pressure warning', 'Occupant sensing airbag', 'Overhead airbag', 'Panic alarm', 'Rear side impact airbag', 'Security system', 'Traction control', '4-Wheel Disc Brakes', 'Four wheel independent suspension', 'Power steering', 'Speed-sensing steering', '6 Speakers', 'AM/FM radio: SiriusXM', 'Automatic temperature control', '', 'Bluetooth', 'Exterior Parking Camera Rear', 'Radio data system', 'Radio: AM/FM Audio System', 'Remote keyless entry', 'Speed control', 'Car Play/Android Auto/Navigation System', '', 'Emergency communication system: Safety Connect with 1-year trial', 'Fabric Seat Trim w/Sport SofTex', '', 'Illuminated entry', 'One Owner', 'Outside temperature display', 'Rear anti-roll bar']","45,863 miles",2.5L 4-Cylinder Gas Engine ,Information Unavailable,Silver Exterior,Black Leather Seats,8-Speed Automatic Transmission,2 wheel drive - front,https://www.autotrader.com/cars-for-sale/vehicledetails.xhtml?listingId=646745419&makeCodeList=TOYOTA&modelCodeList=CAMRY&city=Richardson&state=TX&zip=75080&searchRadius=50&marketExtension=include&isNewSearch=false&showAccelerateBanner=false&sortBy=relevance&numRecords=25&firstRecord=75&listingTypes=USED&referrer=%2Fcars-for-sale%2Ftoyota%2Fcamry%2Frichardson-tx-75080%3FsearchRadius%3D50%26marketExtension%3Dinclude%26isNewSearch%3Dfalse%26showAccelerateBanner%3Dfalse%26sortBy%3Drelevance%26numRecords%3D25%26firstRecord%3D75&clickType=spotlight
4T1T11AKXMU521317,28896,1,N,clean,4.7,2961,25899,"['Aluminum Wheels', 'Auto-Off Headlights', 'Heated Mirrors', 'Integrated Turn Signal Mirrors', 'Power Driver Mirror', 'Rear Spoiler', 'Tires - Front Performance', 'Tires - Rear Performance', 'A/C', '', '', '', '', '', '', 'Front Floor Mats', 'Intermittent Wipers', 'Leather Wrapped Steering Wheel', 'Pass-Through Rear Seat', '', '', '', 'Power Windows', 'Rear Defrost', 'Remote Trunk Release', 'Steering Wheel Controls', 'Sunroof', 'Trip Computer', '', '4-Wheel ABS', 'Blind Spot Monitor', '', '', '', '', 'Daytime Running Lights', 'Driver Air Bag', 'Electronic Stability Control', 'Lane Keeping Assist', '', '', 'Rear Head Air Bag', 'Side Head Air Bag', 'Tire Pressure Monitoring System', 'Vehicle Anti-Theft System', '4 Cylinder Engine', '', '', 'Auto Transmission w/Manual Mode', 'Front Wheel Drive', 'Gasoline Fuel', 'Power Steering', 'AM/FM Stereo', '', '', 'Cruise Control', 'Keyless Entry', 'MP3 Player', 'Satellite Radio', 'WiFi Hotspot', 'iPod/MP3 Input', 'Apple CarPlay', '', 'Smart Device Integration']","28,896 miles",2.5L 4-Cylinder Gas Engine ,28 City / 39 Highway,Predawn Gray Mica Exterior,Black Leather Seats,8-Speed Automatic Transmission,2 wheel drive - front,https://www.autotrader.com/cars-for-sale/vehicledetails.xhtml?listingId=674312411&makeCodeList=TOYOTA&modelCodeList=CAMRY&city=Richardson&state=TX&zip=75080&searchRadius=50&marketExtension=include&isNewSearch=false&showAccelerateBanner=false&sortBy=relevance&numRecords=25&firstRecord=75&listingTypes=USED&referrer=%2Fcars-for-sale%2Ftoyota%2Fcamry%2Frichardson-tx-75080%3FsearchRadius%3D50%26marketExtension%3Dinclude%26isNewSearch%3Dfalse%26showAccelerateBanner%3Dfalse%26sortBy%3Drelevance%26numRecords%3D25%26firstRecord%3D75&clickType=spotlight
4T1B11HK7KU684358,70780,2,Y,rebuilt,5,660,21193,"['Aluminum Wheels', 'Automatic Headlights', 'Automatic Highbeams', 'LED Headlights', 'Power Mirror(s)', 'Tires - Front Performance', 'Tires - Rear Performance', 'A/C', 'Adjustable Steering Wheel', 'Bucket Seats', 'Cloth Seats', 'Driver Adjustable Lumbar', 'Driver Vanity Mirror', 'Intermittent Wipers', 'Pass-Through Rear Seat', 'Passenger Vanity Mirror', 'Power Door Locks', 'Power Driver Seat', 'Power Windows', 'Rear Bench Seat', 'Rear Defrost', 'Remote Trunk Release', 'Steering Wheel Audio Controls', 'Trip Computer', 'Variable Speed Intermittent Wipers', 'Woodgrain Interior Trim', 'ABS', 'Brake Assist', 'Child Safety Locks', 'Daytime Running Lights', 'Driver Air Bag', 'Front Head Air Bag', 'Front Side Air Bag', 'Knee Air Bag', 'Lane Departure Warning', 'Lane Keeping Assist', 'Passenger Air Bag', 'Passenger Air Bag Sensor', 'Rear Head Air Bag', 'Rear Side Air Bag', 'Security System', 'Stability Control', 'Temporary Spare Tire', 'Tire Pressure Monitor', 'Traction Control', '4-Wheel Disc Brakes', 'Front Wheel Drive', 'Power Steering', 'AM/FM Stereo', 'Adaptive Cruise Control', 'Auxiliary Audio Input', 'Back-Up Camera', 'Bluetooth Connection', 'Cruise Control', 'Immobilizer', 'Keyless Entry', 'MP3 Player', 'Telematics', 'WiFi Hotspot', 'Driver Monitoring', 'Front Collision Mitigation', 'Requires Subscription', 'Smart Device Integration']","70,782 miles ",2.5L 4-Cylinder Gas Engine ,28 City / 39 Highway,White Exterior,Black Interior,8-Speed Automatic Transmission,2 wheel drive - front,https://www.autotrader.com/cars-for-sale/vehicledetails.xhtml?listingId=674610339&makeCodeList=TOYOTA&modelCodeList=CAMRY&city=Richardson&state=TX&zip=75080&searchRadius=50&marketExtension=include&isNewSearch=false&showAccelerateBanner=false&sortBy=relevance&numRecords=25&firstRecord=100&listingTypes=USED&referrer=%2Fcars-for-sale%2Ftoyota%2Fcamry%2Frichardson-tx-75080%3FsearchRadius%3D50%26marketExtension%3Dinclude%26isNewSearch%3Dfalse%26showAccelerateBanner%3Dfalse%26sortBy%3Drelevance%26numRecords%3D25%26firstRecord%3D100&clickType=listing
4T1G11AK0NU038356,2018,1,N,clean,5,9559,29495,"['Auto High-beam Headlights', 'Bumpers: body-color', 'Delay-off headlights', 'Fully automatic headlights', 'Heated door mirrors', 'Power door mirrors', 'Spoiler', 'Turn signal indicator mirrors', 'Wheels: 8.0J x 18"" Black Machined-Finish Alloy', 'Air Conditioning', 'Driver door bin', 'Driver vanity mirror', 'Front Bucket Seats', 'Front Center Armrest', 'Front dual zone A/C', 'Front reading lights', 'Overhead console', 'Passenger door bin', 'Passenger vanity mirror', 'Power driver seat', 'Power windows', 'Rear seat center armrest', 'Rear window defroster', 'Split folding rear seat', 'Steering wheel mounted audio controls', 'Tachometer', 'Telescoping steering wheel', 'Tilt steering wheel', 'Trip computer', 'Variably intermittent wipers', 'ABS brakes', 'Brake assist', 'Dual front impact airbags', 'Dual front side impact airbags', 'Electronic Stability Control', 'Knee airbag', 'Low tire pressure warning', 'Occupant sensing airbag', 'Overhead airbag', 'Panic alarm', 'Rear side impact airbag', 'Security system', 'Traction control', '4-Wheel Disc Brakes', 'Four wheel independent suspension', 'Power steering', 'Speed-sensing steering', '6 Speakers', 'AM/FM radio: SiriusXM', 'Automatic temperature control', 'Exterior Parking Camera Rear', 'Radio data system', 'Radio: AM/FM Audio System', 'Remote keyless entry', 'Speed control', 'Emergency communication system: Safety Connect with 1-year trial', 'Fabric Seat Trim w/Sport SofTex', 'Front anti-roll bar', 'Illuminated entry', 'Outside temperature display', 'Rear anti-roll bar']","2,018 miles",2.5L 4-Cylinder Gas Engine ,28 City / 39 Highway,Midnight Black Metallic Exterior,Black Interior,8-Speed Automatic Transmission,2 wheel drive - front,https://www.autotrader.com/cars-for-sale/vehicledetails.xhtml?listingId=671676888&makeCodeList=TOYOTA&modelCodeList=CAMRY&city=Richardson&state=TX&zip=75080&searchRadius=50&marketExtension=include&isNewSearch=false&showAccelerateBanner=false&sortBy=relevance&numRecords=25&firstRecord=75&listingTypes=USED&referrer=%2Fcars-for-sale%2Ftoyota%2Fcamry%2Frichardson-tx-75080%3FsearchRadius%3D50%26marketExtension%3Dinclude%26isNewSearch%3Dfalse%26showAccelerateBanner%3Dfalse%26sortBy%3Drelevance%26numRecords%3D25%26firstRecord%3D75&clickType=listing
4T1G11AK7LU362577,65299,1,Y,rebuilt,4.4,2950,22250,"['Alloy wheels', 'Auto High-beam Headlights', 'Bumpers: body-color', 'Delay-off headlights', 'Fully automatic headlights', 'Power door mirrors', 'Spoiler', 'Wheels: 8.0J x 18"" Black Machined-Finish Alloy', 'Air Conditioning', 'Driver door bin', 'Driver vanity mirror', 'Fabric Seat Trim w/SofTex', 'Front Bucket Seats', 'Front Center Armrest', 'Front Sport Bucket Seats', 'Front reading lights', 'Leather Shift Knob', 'Overhead console', 'Passenger door bin', 'Passenger vanity mirror', 'Power driver seat', 'Power windows', 'Rear reading lights', 'Rear seat center armrest', 'Rear window defroster', 'Split folding rear seat', 'Sport steering wheel', 'Steering wheel mounted audio controls', 'Tachometer', 'Telescoping steering wheel', 'Tilt steering wheel', 'Trip computer', 'Variably intermittent wipers', 'ABS brakes', 'Brake assist', 'Dual front impact airbags', 'Dual front side impact airbags', 'Electronic Stability Control', 'Knee airbag', 'Low tire pressure warning', 'Occupant sensing airbag', 'Overhead airbag', 'Panic alarm', 'Rear side impact airbag', 'Security system', 'Traction control', '4-Wheel Disc Brakes', 'Four wheel independent suspension', 'Power steering', 'Speed-sensing steering', '6 Speakers', 'AM/FM radio: SiriusXM', 'Active Cruise Control', 'Automatic temperature control', 'Exterior Parking Camera Rear', 'Radio data system', 'Radio: AM/FM Audio System', 'Remote keyless entry', 'Speed control', 'Apple CarPlay/Android Auto', 'Emergency communication system: Safety Connect with 1-year trial', 'Front anti-roll bar', 'Illuminated entry', 'Outside temperature display', 'Rear anti-roll bar']","65,299 miles",2.5L 4-Cylinder Gas Engine ,28 City / 39 Highway,Celestial Silver Metallic Exterior,Black Interior,8-Speed Automatic Transmission,2 wheel drive - front,https://www.autotrader.com/cars-for-sale/vehicledetails.xhtml?listingId=674475184&makeCodeList=TOYOTA&modelCodeList=CAMRY&city=Richardson&state=TX&zip=75080&searchRadius=50&marketExtension=include&isNewSearch=false&showAccelerateBanner=false&sortBy=relevance&numRecords=25&firstRecord=100&listingTypes=USED&referrer=%2Fcars-for-sale%2Ftoyota%2Fcamry%2Frichardson-tx-75080%3FsearchRadius%3D50%26marketExtension%3Dinclude%26isNewSearch%3Dfalse%26showAccelerateBanner%3Dfalse%26sortBy%3Drelevance%26numRecords%3D25%26firstRecord%3D100&clickType=listing
4T1K61AK4NU021135,20512,1,N,clean,4.8,5509,34495,"['Alloy Wheels', 'Alloy wheels', 'Auto High-beam Headlights', 'Bumpers: body-color', 'Delay-off headlights', 'Fully automatic headlights', 'Heated door mirrors', 'Power door mirrors', 'Spoiler', 'Turn signal indicator mirrors', ""Wheels: 8.0J x 19' Black Machined-Finish Alloy"", 'Air Conditioning', 'Auto-dimming Rear-View mirror', 'Driver door bin', 'Driver vanity mirror', 'Front Bucket Seats', 'Front Center Armrest', 'Front dual zone A/C', 'Front reading lights', 'Heated front seats', 'Leather', 'Multi-Stage Heated Front Bucket Seats', 'Overhead console', 'Passenger door bin', 'Passenger vanity mirror', 'Perforated Leather Seat Trim', 'Power driver seat', 'Power passenger seat', 'Power windows', 'Rear reading lights', 'Rear seat center armrest', 'Rear window defroster', 'Split folding rear seat', 'Steering wheel mounted audio controls', 'Tachometer', 'Telescoping steering wheel', 'Tilt steering wheel', 'Trip computer', 'Variably intermittent wipers', 'ABS brakes', 'Brake assist', 'Dual front impact airbags', 'Dual front side impact airbags', 'Electronic Stability Control', 'Knee airbag', 'Low tire pressure warning', 'Occupant sensing airbag', 'Overhead airbag', 'Panic alarm', 'Rear side impact airbag', 'Security system', 'Traction control', '4-Wheel Disc Brakes', 'Four wheel independent suspension', 'Power steering', 'Speed-sensing steering', '6 Speakers', 'AM/FM radio: SiriusXM', 'Automatic temperature control', 'Bluetooth', 'Exterior Parking Camera Rear', 'Garage door transmitter: HomeLink', 'Navigation/GPS', 'Radio data system', 'Remote keyless entry', 'Speed control', 'Emergency communication system: Safety Connect with 1-year trial', 'Front anti-roll bar', 'Illuminated entry', 'New Feature', 'Outside temperature display', 'Radio: AM/FM/HD Audio Plus', 'Rear anti-roll bar']","20,512 miles",2.5L 4-Cylinder Gas Engine ,27 City / 38 Highway,Ice Edge Exterior,Black Leather Seats,8-Speed Automatic Transmission,2 wheel drive - front,https://www.autotrader.com/cars-for-sale/vehicledetails.xhtml?listingId=673896304&makeCodeList=TOYOTA&modelCodeList=CAMRY&city=Richardson&state=TX&zip=75080&listingTypes=used&=&searchRadius=50&isNewSearch=false&referrer=%2Fcars-for-sale%2Ftoyota%2Fcamry%2Frichardson-tx-75080%3FlistingType%3Dused%26makeCodeList%3DTOYOTA%26modelCodeList%3DCAMRY%26%26searchRadius%3D50&clickType=spotlight
4T1G11AK7LU949328,71139,1,N,clean,4.8,641,23014,"['Alloy wheels', 'Auto High-beam Headlights', 'Black Door Handles', 'Black Mirror Caps', 'Black Rear Badges', 'Black Rear Spoiler', 'Black Window Molding', 'Bumpers: body-color', 'Delay-off headlights', 'Fully automatic headlights', 'Power door mirrors', 'Spoiler', 'Wheels: 8.0J x 18"" Black Machined-Finish Alloy', 'Air Conditioning', 'Driver door bin', 'Driver vanity mirror', 'Fabric Seat Trim w/SofTex', 'Front Bucket Seats', 'Front Center Armrest', 'Front Sport Bucket Seats', 'Front reading lights', 'Overhead console', 'Passenger door bin', 'Passenger vanity mirror', 'Power driver seat', 'Power windows', 'Rear reading lights', 'Rear seat center armrest', 'Rear window defroster', 'Split folding rear seat', 'Sport steering wheel', 'Steering wheel mounted audio controls', 'Tachometer', 'Telescoping steering wheel', 'Tilt steering wheel', 'Trip computer', 'Variably intermittent wipers', 'ABS brakes', 'Brake assist', 'Dual front impact airbags', 'Dual front side impact airbags', '', 'Knee airbag', 'Low tire pressure warning', 'Occupant sensing airbag', 'Overhead airbag', 'Panic alarm', 'Rear side impact airbag', 'Security system', 'Traction control', '4-Wheel Disc Brakes', 'Four wheel independent suspension', 'Power steering', 'Speed-sensing steering', '6 Speakers', 'AM/FM radio: SiriusXM', 'Automatic temperature control', 'Black Shark-Fin Antenna', 'Exterior Parking Camera Rear', 'Radio data system', 'Radio: AM/FM Audio System', 'Remote keyless entry', 'Speed control', 'Apple CarPlay/Android Auto', 'Emergency communication system: Safety Connect with 1-year trial', 'Front anti-roll bar', 'Illuminated entry', 'Outside temperature display', 'Rear anti-roll bar', 'VISIT US@ https://www.pegasuschevytexas.com/']","71,139 miles",2.5L 4-Cylinder Gas Engine ,28 City / 39 Highway,Black Exterior,Black Interior,8-Speed Automatic Transmission,2 wheel drive - front,https://www.autotrader.com/cars-for-sale/vehicledetails.xhtml?listingId=672187588&makeCodeList=TOYOTA&modelCodeList=CAMRY&city=Richardson&state=TX&zip=75080&searchRadius=50&marketExtension=include&isNewSearch=false&showAccelerateBanner=false&sortBy=relevance&numRecords=25&firstRecord=125&listingTypes=USED&referrer=%2Fcars-for-sale%2Ftoyota%2Fcamry%2Frichardson-tx-75080%3FsearchRadius%3D50%26marketExtension%3Dinclude%26isNewSearch%3Dfalse%26showAccelerateBanner%3Dfalse%26sortBy%3Drelevance%26numRecords%3D25%26firstRecord%3D125&clickType=spotlight
4T1K61AK4PU721191,3910,1,N,clean,5,7387,34991,"['Aluminum Wheels', 'Automatic Headlights', 'Automatic Highbeams', '', 'Integrated Turn Signal Mirrors', 'LED Headlights', 'Power Mirror(s)', 'Rear Spoiler', 'Tires - Front Performance', 'Tires - Rear Performance', 'A/C', 'Adjustable Steering Wheel', 'Auto-Dimming Rearview Mirror', 'Bucket Seats', 'Climate Control', 'Driver Adjustable Lumbar', 'Driver Vanity Mirror', 'Heated Front Seat(s)', 'Intermittent Wipers', 'Leather Seats', 'Leather Steering Wheel', 'Multi-Zone A/C', 'Pass-Through Rear Seat', 'Passenger Vanity Mirror', 'Power Door Locks', 'Power Driver Seat', 'Power Passenger Seat', 'Power Windows', 'Rear Bench Seat', 'Rear Defrost', 'Remote Trunk Release', 'Steering Wheel Audio Controls', 'Trip Computer', 'Universal Garage Door Opener', 'Variable Speed Intermittent Wipers', 'ABS', 'Blind Spot Monitor', 'Brake Assist', 'Child Safety Locks', 'Cross-Traffic Alert', 'Daytime Running Lights', 'Driver Air Bag', 'Front Head Air Bag', 'Front Side Air Bag', 'Knee Air Bag', 'Lane Departure Warning', 'Lane Keeping Assist', 'Passenger Air Bag', 'Passenger Air Bag Sensor', 'Rear Head Air Bag', 'Rear Side Air Bag', 'Security System', 'Stability Control', 'Temporary Spare Tire', 'Tire Pressure Monitor', 'Traction Control', '4-Wheel Disc Brakes', 'Front Wheel Drive', 'Power Steering', 'AM/FM Stereo', 'Adaptive Cruise Control', 'Auxiliary Audio Input', 'Back-Up Camera', 'Bluetooth Connection', 'Cruise Control', 'HD Radio', 'Immobilizer', 'Keyless Entry', 'Keyless Start', 'MP3 Player', 'Remote Engine Start', 'Satellite Radio', 'Telematics', 'WiFi Hotspot', 'Cruise Control Steering Assist', 'Front Collision Mitigation', 'Rear Collision Mitigation', 'Requires Subscription', 'Smart Device Integration']","3,942 miles",2.5L 4-Cylinder Gas Engine ,27 City / 38 Highway,Midnight Black Metallic Exterior,Cockpit Red Leather Seats,8-Speed Automatic Transmission,2 wheel drive - front,https://www.autotrader.com/cars-for-sale/vehicledetails.xhtml?listingId=674209165&makeCodeList=TOYOTA&modelCodeList=CAMRY&city=Richardson&state=TX&zip=75080&searchRadius=50&marketExtension=include&isNewSearch=false&showAccelerateBanner=false&sortBy=relevance&numRecords=25&firstRecord=125&listingTypes=USED&referrer=%2Fcars-for-sale%2Ftoyota%2Fcamry%2Frichardson-tx-75080%3FsearchRadius%3D50%26marketExtension%3Dinclude%26isNewSearch%3Dfalse%26showAccelerateBanner%3Dfalse%26sortBy%3Drelevance%26numRecords%3D25%26firstRecord%3D125&clickType=listing
4T1BK46K67U545699,181177,2,Y,rebuilt,5,711,6995,"['Bumpers: body-color', 'Delay-off headlights', 'Fully automatic headlights', 'Power door mirrors', 'Rear Spoiler', '* LEATHER SEATS <BR>', 'Air Conditioning', 'Driver door bin', 'Driver vanity mirror', 'Front Bucket Seats', 'Front Center Armrest', 'Front reading lights', 'Overhead console', 'Passenger door bin', 'Passenger vanity mirror', 'Power driver seat', 'Power moonroof', 'Power windows', 'Rear seat center armrest', 'Rear window defroster', 'Steering wheel mounted audio controls', 'Tachometer', 'Telescoping steering wheel', 'Tilt steering wheel', 'Variably intermittent wipers', 'ABS brakes', 'Brake assist', '', 'Dual front side impact airbags', 'Knee airbag', 'Low tire pressure warning', 'Occupant sensing airbag', 'Overhead airbag', 'Panic alarm', '4-Wheel Disc Brakes', 'Four wheel independent suspension', 'Power steering', 'Speed-sensing steering', 'AM/FM radio', '', 'Remote keyless entry', 'Speed control', '* JUST SERVICED <BR>', '* KEYLESS START <BR>', '* SUNROOF / MOONROOF <BR>', '* VEHICLE DETAILED * <BR><BR>', 'Front anti-roll bar', 'Illuminated entry', 'Outside temperature display', 'Rear anti-roll bar']","181,257 miles",3.5L 6-Cylinder Gas Engine,19 City / 28 Highway,Super White Exterior,Bisque Leather Seats,6-Speed Automatic Transmission,2 wheel drive - front,https://www.autotrader.com/cars-for-sale/vehicledetails.xhtml?listingId=674345514&makeCodeList=TOYOTA&modelCodeList=CAMRY&city=Richardson&state=TX&zip=75080&searchRadius=50&marketExtension=include&isNewSearch=false&showAccelerateBanner=false&sortBy=relevance&numRecords=25&firstRecord=150&listingTypes=USED&referrer=%2Fcars-for-sale%2Ftoyota%2Fcamry%2Frichardson-tx-75080%3FsearchRadius%3D50%26marketExtension%3Dinclude%26isNewSearch%3Dfalse%26showAccelerateBanner%3Dfalse%26sortBy%3Drelevance%26numRecords%3D25%26firstRecord%3D150&clickType=listing
4T1G11AKXMU519357,48548,1,Y,rebuilt,4.2,150,26021,"['Alloy wheels', 'Auto High-beam Headlights', '', 'Delay-off headlights', 'Fully automatic headlights', 'Power door mirrors', 'Spoiler', 'Wheels: 8.0J x 18"" Black Machined-Finish Alloy', 'Air Conditioning', 'Driver door bin', 'Driver vanity mirror', 'Front Bucket Seats', 'Front Center Armrest', 'Front reading lights', 'Overhead console', 'Passenger door bin', 'Passenger vanity mirror', 'Power driver seat', 'Power windows', 'Rear seat center armrest', 'Rear window defroster', 'Split folding rear seat', 'Steering wheel mounted audio controls', 'Tachometer', 'Telescoping steering wheel', 'Tilt steering wheel', 'Trip computer', 'Variably intermittent wipers', 'ABS brakes', 'Brake assist', 'Dual front impact airbags', 'Dual front side impact airbags', 'Electronic Stability Control', 'Knee airbag', 'Low tire pressure warning', 'Occupant sensing airbag', 'Overhead airbag', 'Panic alarm', 'Rear side impact airbag', 'Security system', 'Traction control', '4-Wheel Disc Brakes', 'Four wheel independent suspension', 'Power steering', 'Speed-sensing steering', '6 Speakers', 'AM/FM radio: SiriusXM', 'Active Cruise Control', 'Automatic temperature control', 'Exterior Parking Camera Rear', 'Radio data system', 'Radio: AM/FM Audio System', 'Remote keyless entry', 'Speed control', 'Apple CarPlay/Android Auto', 'Emergency communication system: Safety Connect with 1-year trial', 'Fabric Seat Trim w/Sport SofTex', 'Front anti-roll bar', 'Illuminated entry', 'Outside temperature display', 'Rear anti-roll bar']","48,548 miles",2.5L 4-Cylinder Gas Engine ,Information Unavailable,Predawn Gray Mica Exterior,Black Interior,8-Speed Automatic Transmission,2 wheel drive - front,https://www.autotrader.com/cars-for-sale/vehicledetails.xhtml?listingId=673048372&makeCodeList=TOYOTA&modelCodeList=CAMRY&city=Austin&state=TX&zip=73301&searchRadius=50&marketExtension=include&isNewSearch=false&showAccelerateBanner=false&sortBy=relevance&numRecords=25&requestId=2225141853&listingTypes=USED&referrer=%2Fcars-for-sale%2Ftoyota%2Fcamry%2Faustin-tx-73301%3FsearchRadius%3D50%26marketExtension%3Dinclude%26isNewSearch%3Dfalse%26showAccelerateBanner%3Dfalse%26sortBy%3Drelevance%26numRecords%3D25%26requestId%3D2225141853&clickType=spotlight
4T1K31AK2PU604539,193,1,N,clean,4.7,7447,42000,"['Aluminum Wheels', 'Automatic Headlights', 'Automatic Highbeams', 'Heated Mirrors', 'Integrated Turn Signal Mirrors', 'LED Headlights', 'Power Mirror(s)', 'Rear Spoiler', 'Tires - Front Performance', 'Tires - Rear Performance', 'A/C', 'Adjustable Steering Wheel', 'Auto-Dimming Rearview Mirror', 'Bucket Seats', 'Climate Control', 'Driver Adjustable Lumbar', 'Driver Vanity Mirror', 'Heated Front Seat(s)', 'Intermittent Wipers', 'Leather Seats', 'Leather Steering Wheel', 'Multi-Zone A/C', 'Pass-Through Rear Seat', 'Passenger Vanity Mirror', 'Power Door Locks', 'Power Driver Seat', 'Power Passenger Seat', 'Power Windows', 'Rear Bench Seat', 'Rear Defrost', 'Remote Trunk Release', 'Steering Wheel Audio Controls', 'Trip Computer', 'Universal Garage Door Opener', 'Variable Speed Intermittent Wipers', 'ABS', 'Blind Spot Monitor', 'Brake Assist', 'Child Safety Locks', 'Cross-Traffic Alert', 'Daytime Running Lights', 'Driver Air Bag', 'Front Head Air Bag', 'Front Side Air Bag', 'Knee Air Bag', 'Lane Departure Warning', 'Lane Keeping Assist', 'Passenger Air Bag', 'Passenger Air Bag Sensor', 'Rear Head Air Bag', 'Rear Side Air Bag', 'Security System', 'Stability Control', 'Temporary Spare Tire', 'Tire Pressure Monitor', 'Traction Control', '4-Wheel Disc Brakes', 'Front Wheel Drive', 'Power Steering', 'AM/FM Stereo', 'Adaptive Cruise Control', 'Auxiliary Audio Input', 'Back-Up Camera', 'Bluetooth Connection', 'Cruise Control', 'Immobilizer', 'Keyless Entry', 'Keyless Start', 'MP3 Player', 'Remote Engine Start', 'Satellite Radio', 'Telematics', 'WiFi Hotspot', 'Cruise Control Steering Assist', 'Front Collision Mitigation', 'Rear Collision Mitigation', 'Requires Subscription', 'Smart Device Integration']",193 miles,Hybrid: Gas/Electric,44 City / 47 Highway,Midnight Black Metallic Exterior,Black Leather Seats,Continuously Variable Automatic Transmission,2 wheel drive - front,https://www.autotrader.com/cars-for-sale/vehicledetails.xhtml?listingId=673146018&makeCodeList=TOYOTA&modelCodeList=CAMRY&city=Washington&state=DC&zip=20001&searchRadius=50&marketExtension=include&isNewSearch=false&showAccelerateBanner=false&sortBy=relevance&numRecords=25&requestId=2225141853&listingTypes=USED&referrer=%2Fcars-for-sale%2Ftoyota%2Fcamry%2Fwashington-dc-20001%3FsearchRadius%3D50%26marketExtension%3Dinclude%26isNewSearch%3Dfalse%26showAccelerateBanner%3Dfalse%26sortBy%3Drelevance%26numRecords%3D25%26requestId%3D2225141853&clickType=alpha
4T1B61HK6KU699046,32256,1,N,clean,4.8,3882,28500,"['Aluminum Wheels', 'Automatic Headlights', 'Automatic Highbeams', 'Heated Mirrors', 'Integrated Turn Signal Mirrors', 'LED Headlights', 'Power Mirror(s)', 'Rear Spoiler', 'Tires - Front Performance', 'Tires - Rear Performance', 'A/C', 'Adjustable Steering Wheel', 'Auto-Dimming Rearview Mirror', 'Bucket Seats', 'Climate Control', 'Driver Adjustable Lumbar', 'Driver Vanity Mirror', 'Heated Front Seat(s)', 'Intermittent Wipers', 'Leather Seats', 'Leather Steering Wheel', 'Multi-Zone A/C', 'Pass-Through Rear Seat', 'Passenger Adjustable Lumbar', 'Passenger Vanity Mirror', 'Power Door Locks', 'Power Driver Seat', 'Power Passenger Seat', 'Power Windows', 'Rear Bench Seat', 'Rear Defrost', 'Remote Trunk Release', 'Steering Wheel Audio Controls', 'Trip Computer', 'Universal Garage Door Opener', 'Variable Speed Intermittent Wipers', 'ABS', 'Blind Spot Monitor', 'Brake Assist', 'Child Safety Locks', 'Cross-Traffic Alert', 'Daytime Running Lights', 'Driver Air Bag', 'Front Head Air Bag', 'Front Side Air Bag', 'Knee Air Bag', 'Lane Departure Warning', 'Lane Keeping Assist', 'Passenger Air Bag', 'Passenger Air Bag Sensor', 'Rear Head Air Bag', 'Rear Side Air Bag', 'Security System', 'Stability Control', 'Temporary Spare Tire', 'Tire Pressure Monitor', 'Traction Control', '4-Wheel Disc Brakes', 'Front Wheel Drive', 'Power Steering', 'AM/FM Stereo', 'Adaptive Cruise Control', 'Auxiliary Audio Input', 'Back-Up Camera', 'Bluetooth Connection', 'CD Player', 'Cruise Control', 'HD Radio', 'Immobilizer', 'Keyless Entry', 'Keyless Start', 'MP3 Player', 'Remote Engine Start', 'Satellite Radio', 'Telematics', 'WiFi Hotspot', 'Driver Monitoring', 'Front Collision Mitigation', 'Requires Subscription', 'Smart Device Integration']","32,256 miles",2.5L 4-Cylinder Gas Engine ,29 City / 41 Highway,Predawn Gray Mica Exterior,Black Leather Seats,8-Speed Automatic Transmission,2 wheel drive - front,https://www.autotrader.com/cars-for-sale/vehicledetails.xhtml?listingId=671255591&makeCodeList=TOYOTA&modelCodeList=CAMRY&city=Washington&state=DC&zip=20001&searchRadius=50&marketExtension=include&isNewSearch=false&showAccelerateBanner=false&sortBy=relevance&numRecords=25&requestId=2225141853&listingTypes=USED&referrer=%2Fcars-for-sale%2Ftoyota%2Fcamry%2Fwashington-dc-20001%3FsearchRadius%3D50%26marketExtension%3Dinclude%26isNewSearch%3Dfalse%26showAccelerateBanner%3Dfalse%26sortBy%3Drelevance%26numRecords%3D25%26requestId%3D2225141853&clickType=spotlight
4T1G11AK7LU875523,65963,1,Y,rebuilt,4.6,3251,22959,"'Rear Spoiler', 'Ash', 'Fabric Seat Trim W/Softex', 'Lane Keeping Assist', '50 State Emissions', '', 'Super White']","65,963 miles",2.5L 4-Cylinder Gas Engine ,28 City / 39 Highway,Super White Exterior,Ash Interior,8-Speed Automatic Transmission,2 wheel drive - front,https://www.autotrader.com/cars-for-sale/vehicledetails.xhtml?listingId=674161797&makeCodeList=TOYOTA&modelCodeList=CAMRY&city=Washington&state=DC&zip=20001&searchRadius=50&isNewSearch=false&marketExtension=include&showAccelerateBanner=false&sortBy=relevance&numRecords=25&listingTypes=USED&referrer=%2Fcars-for-sale%2Ftoyota%2Fcamry%2Fwashington-dc-20001%3FsearchRadius%3D50%26isNewSearch%3Dfalse%26marketExtension%3Dinclude%26showAccelerateBanner%3Dfalse%26sortBy%3Drelevance%26numRecords%3D25&clickType=spotlight
4T1G11AK8NU660543,28745,1,N,clean,4.8,2942,26400,"['Alloy wheels', 'Auto High-beam Headlights', 'Bumpers: body-color', 'Delay-off headlights', 'Fully automatic headlights', 'Heated door mirrors', 'Power door mirrors', 'Spoiler', 'Turn signal indicator mirrors', '* POWER DRIVER SEAT *', 'Air Conditioning', 'Driver door bin', 'Driver vanity mirror', 'Front Bucket Seats', 'Front Center Armrest', 'Front dual zone A/C', 'Front reading lights', 'Overhead console', 'Passenger door bin', 'Passenger vanity mirror', 'Power driver seat', 'Power windows', 'Rear seat center armrest', 'Rear window defroster', 'Split folding rear seat', 'Steering wheel mounted audio controls', 'Tachometer', 'Telescoping steering wheel', 'Tilt steering wheel', 'Trip computer', 'Variably intermittent wipers', '* BLIND SPOT DETECTION *', '', '', '', '', 'Electronic Stability Control', 'Knee airbag', 'Low tire pressure warning', '', '', 'Panic alarm', 'Rear side impact airbag', 'Security system', 'Traction control', '4-Wheel Disc Brakes', '', 'Power steering', '', '* BACK UP CAMERA *', '', '', '', '6 Speakers', 'AM/FM radio: SiriusXM', '', '', 'Radio data system', 'Radio: AM/FM Audio System', 'Remote keyless entry', '', '* APPLE CARPLAY/ ANDROID AUTO *', '', 'Fabric Seat Trim w/Sport SofTex', '', '', 'Outside temperature display', 'Rear anti-roll bar']","28,745 miles",2.5L 4-Cylinder Gas Engine ,28 City / 39 Highway,Predawn Gray Mica Exterior,Ash Interior,8-Speed Automatic Transmission,2 wheel drive - front,https://www.autotrader.com/cars-for-sale/vehicledetails.xhtml?listingId=673191816&makeCodeList=TOYOTA&modelCodeList=CAMRY&city=Washington&state=DC&zip=20001&listingTypes=USED&searchRadius=50&marketExtension=include&isNewSearch=false&referrer=%2Fcars-for-sale%2Ftoyota%2Fcamry%2Fwashington-dc-20001%3FmakeCodeList%3DTOYOTA%26listingTypes%3DUSED%26searchRadius%3D50%26modelCodeList%3DCAMRY%26zip%3D20001%26location%3D%26marketExtension%3Dinclude%26sortBy%3D&clickType=spotlight
4T1T11AK4MU542339,19210,1,N,clean,4.2,1800,28000,"['Alloy wheels', 'Auto High-beam Headlights', 'Black Door Handles', 'Black Mirror Caps', 'Black Rear Badges', 'Black Rear Spoiler', 'Black Window Molding', 'Bumpers: body-color', 'Delay-off headlights', 'Fully automatic headlights', 'Power door mirrors', 'Spoiler', 'Air Conditioning', 'Driver door bin', 'Driver vanity mirror', 'Front Bucket Seats', 'Front Center Armrest', 'Front reading lights', 'Overhead console', 'Passenger door bin', 'Passenger vanity mirror', 'Power driver seat', 'Power windows', 'Rear seat center armrest', 'Rear window defroster', 'Split folding rear seat', 'Steering wheel mounted audio controls', 'Tachometer', 'Telescoping steering wheel', 'Tilt steering wheel', 'Trip computer', 'Variably intermittent wipers', 'ABS brakes', 'Blind Spot Monitor', 'Brake assist', 'Dual front impact airbags', 'Dual front side impact airbags', 'Electronic Stability Control', 'Knee airbag', 'Lane Departure Warning', 'Low tire pressure warning', 'Occupant sensing airbag', 'Overhead airbag', 'Panic alarm', 'Rear side impact airbag', 'Security system', 'Traction control', '4-Wheel Disc Brakes', 'Four wheel independent suspension', 'Power steering', 'Speed-sensing steering', '6 Speakers', 'AM/FM radio: SiriusXM', 'Adaptive Cruise Control', 'Automatic temperature control', 'Back up Camera', 'Black Shark-Fin Antenna', 'Exterior Parking Camera Rear', 'Keyless Entry', 'Radio data system', 'Radio: AM/FM Audio System', 'Remote keyless entry', 'Speed control', 'Apple CarPlay/Android Auto', 'Apple Carplay/Android Auto', 'Emergency communication system: Safety Connect with 1-year trial', 'Fabric Seat Trim w/Sport SofTex', 'Front Collision Mitigation', 'Front anti-roll bar', 'Illuminated entry', 'Nightshade Edition', 'Outside temperature display', 'Push Start', 'Rear anti-roll bar', 'Wheels: 8.0J x 18"" Black-Painted Alloy']","19,210 miles",2.5L 4-Cylinder Gas Engine ,28 City / 39 Highway,Galactic Aqua Mica Exterior,Black/Red Interior,8-Speed Automatic Transmission,2 wheel drive - front,https://www.autotrader.com/cars-for-sale/vehicledetails.xhtml?listingId=670158599&makeCodeList=TOYOTA&modelCodeList=CAMRY&city=Washington&state=DC&zip=20001&listingTypes=USED&searchRadius=50&marketExtension=include&isNewSearch=false&referrer=%2Fcars-for-sale%2Ftoyota%2Fcamry%2Fwashington-dc-20001%3FmakeCodeList%3DTOYOTA%26listingTypes%3DUSED%26searchRadius%3D50%26modelCodeList%3DCAMRY%26zip%3D20001%26location%3D%26marketExtension%3Dinclude%26sortBy%3D&clickType=listing
4T1G11AK1LU925638,38196,1,N,clean,4.4,886,24678,"['Alloy wheels', 'Auto High-beam Headlights', 'Bumpers: body-color', 'Delay-off headlights', 'Fully automatic headlights', 'Power door mirrors', 'Spoiler', 'Wheels: 8.0J x 18"" Black Machined-Finish Alloy', 'Air Conditioning', 'Driver door bin', 'Driver vanity mirror', 'Fabric Seat Trim w/SofTex', '', '', '', '', '', 'Overhead console', 'Passenger door bin', 'Passenger vanity mirror', 'Power driver seat', 'Power windows', 'Rear reading lights', 'Rear seat center armrest', 'Rear window defroster', '', 'Sport steering wheel', 'Steering wheel mounted audio controls', 'Tachometer', 'Telescoping steering wheel', 'Tilt steering wheel', 'Trip computer', 'Variably intermittent wipers', 'ABS brakes', '', '', '', '', 'Knee airbag', 'Low tire pressure warning', 'Occupant sensing airbag', '', '', 'Rear side impact airbag', 'Security system', 'Traction control', '4-Wheel Disc Brakes', '', 'Power steering', '', '6 Speakers', '', '', 'Exterior Parking Camera Rear', '', '', 'Remote keyless entry', 'Speed control', 'Apple CarPlay/Android Auto', '', 'Front anti-roll bar', '', 'Outside temperature display', '']","38,196 miles",2.5L 4-Cylinder Gas Engine ,28 City / 39 Highway ,Midnight Black Metallic Exterior,Black Leather Seats,8-Speed Automatic Transmission,2 wheel drive - front,https://www.autotrader.com/cars-for-sale/vehicledetails.xhtml?listingId=674379200&makeCodeList=TOYOTA&modelCodeList=CAMRY&city=Washington&state=DC&zip=20001&searchRadius=50&isNewSearch=false&marketExtension=include&showAccelerateBanner=false&sortBy=relevance&numRecords=25&listingTypes=USED&referrer=%2Fcars-for-sale%2Ftoyota%2Fcamry%2Fwashington-dc-20001%3FsearchRadius%3D50%26isNewSearch%3Dfalse%26marketExtension%3Dinclude%26showAccelerateBanner%3Dfalse%26sortBy%3Drelevance%26numRecords%3D25&clickType=spotlight
4T1BE46K19U263738,99522,2,Y,rebuilt,4.5,3912,10073,"['Automatic Headlights', 'Power Mirror(s)', 'A/C', 'Adjustable Steering Wheel', 'Bucket Seats', '', '', 'Emergency Trunk Release', 'Front Reading Lamps', 'Intermittent Wipers', 'Power Outlet', '', 'Rear Defrost', 'Steering Wheel Audio Controls', 'Variable Speed Intermittent Wipers', 'ABS', '', '', '', 'Front Head Air Bag', 'Front Side Air Bag', '', '', 'Passenger Air Bag Sensor', 'Rear Head Air Bag', 'Temporary Spare Tire', 'Tire Pressure Monitor', '4-Wheel Disc Brakes', '', 'Power Steering', 'AM/FM Stereo', '', 'CD Player', '', 'Immobilizer', '']","99,534 miles",2.4L 4-Cylinder Gas Engine,Information Unavailable,Beige Exterior,Bisque Interior,Information Unavailable,2 wheel drive - front,https://www.autotrader.com/cars-for-sale/vehicledetails.xhtml?listingId=674141816&makeCodeList=TOYOTA&modelCodeList=CAMRY&city=Washington&state=DC&zip=20001&searchRadius=50&isNewSearch=false&marketExtension=include&showAccelerateBanner=false&sortBy=relevance&numRecords=25&listingTypes=USED&referrer=%2Fcars-for-sale%2Ftoyota%2Fcamry%2Fwashington-dc-20001%3FsearchRadius%3D50%26isNewSearch%3Dfalse%26marketExtension%3Dinclude%26showAccelerateBanner%3Dfalse%26sortBy%3Drelevance%26numRecords%3D25&clickType=spotlight
4T1C11AK1LU967936,28206,1,N,clean,4.8,2998,23495,"['7.5J x 17"" Alloy Wheels', 'Alloy wheels', 'Auto High-beam Headlights', 'Bumpers: body-color', 'Delay-off headlights', 'Fully automatic headlights', 'Power door mirrors', 'Air Conditioning', '', '', '', '', '', '', '', 'Passenger door bin', 'Passenger vanity mirror', 'Power driver seat', 'Power windows', 'Rear reading lights', 'Rear seat center armrest', 'Rear window defroster', 'Split folding rear seat', 'Steering wheel mounted audio controls', 'Tachometer', 'Telescoping steering wheel', 'Tilt steering wheel', 'Trip computer', 'Variably intermittent wipers', 'ABS brakes', '', '', '', '', 'Knee airbag', 'Low tire pressure warning', 'Occupant sensing airbag', '', '', 'Rear side impact airbag', 'Security system', 'Traction control', '4-Wheel Disc Brakes', '', 'Power steering', '', '6 Speakers', '', '', 'Radio data system', 'Radio: AM/FM Audio System', 'Remote keyless entry', 'Speed control', 'Apple CarPlay/Android Auto', '', 'Front anti-roll bar', '', 'Outside temperature display', 'Rear anti-roll bar']","28,206 miles",2.5L 4-Cylinder Gas Engine ,28 City / 39 Highway,Blue Streak/Midnight Black Metallic Exterior,Black Interior,8-Speed Automatic Transmission,2 wheel drive - front,https://www.autotrader.com/cars-for-sale/vehicledetails.xhtml?listingId=669723020&makeCodeList=TOYOTA&modelCodeList=CAMRY&city=Washington&state=DC&zip=20001&listingTypes=USED&searchRadius=50&marketExtension=include&isNewSearch=false&referrer=%2Fcars-for-sale%2Ftoyota%2Fcamry%2Fwashington-dc-20001%3FmakeCodeList%3DTOYOTA%26listingTypes%3DUSED%26searchRadius%3D50%26modelCodeList%3DCAMRY%26zip%3D20001%26location%3D%26marketExtension%3Dinclude%26sortBy%3D&clickType=listing
